小说类型,作者名称,小说名称,小说URL,小说状态,最后更新时间
玄幻魔法 ,北冥小妖,超级保安在都市,http://www.biqugse.com/1000/,完结,2017/11/28 8:45
玄幻魔法 ,北辰长风,莲花仙界,http://www.biqugse.com/1001/,完结,2017/7/31 14:07
历史军事 ,王不过霸,汉末天子,http://www.biqugse.com/1002/,完结,2017/10/19 14:07
都市言情 ,南宫云恒,超位面农业系统,http://www.biqugse.com/1003/,完结,2017/8/1 11:28
恐怖科幻 ,夜诡,第二鬼格,http://www.biqugse.com/1004/,完结,2017/9/14 10:17
历史军事 ,鲤鱼大仙,三国之佣兵天下,http://www.biqugse.com/1005/,完结,2017/9/14 9:12
都市言情 ,玖拾陆,棠锦,http://www.biqugse.com/1006/,完结,2017/10/27 2:32
玄幻魔法 ,忧之,我用系统泡妹子,http://www.biqugse.com/1007/,完结,2022/8/29 8:31
恐怖科幻 ,我的小泰迪,大力美漫行,http://www.biqugse.com/1008/,完结,2018/4/7 18:17
都市言情 ,刘慕青,神医教练,http://www.biqugse.com/1009/,完结,2018/12/17 19:19
都市言情 ,半仙算命,美国怪谈之道道道,http://www.biqugse.com/1010/,完结,2017/8/7 10:37
都市言情 ,颜色媚君王2,姐劫,http://www.biqugse.com/1011/,完结,2017/7/31 15:27
都市言情 ,夜深自呓,最强小民工,http://www.biqugse.com/1012/,完结,2017/9/26 19:42
都市言情 ,我的小泰迪,肉身成圣者的二次元生活,http://www.biqugse.com/1013/,完结,2017/7/31 15:47
玄幻魔法 ,雾外江山,皇道,http://www.biqugse.com/1014/,完结,2017/9/20 9:32
恐怖科幻 ,猪小小,刀碎星河,http://www.biqugse.com/1015/,完结,2017/10/27 0:57
都市言情 ,我身凡尘,二次元大混乱,http://www.biqugse.com/1016/,完结,2017/8/17 14:10
历史军事 ,可大可小,交锋,http://www.biqugse.com/1017/,完结,2018/5/9 8:14
都市言情 ,秦咸阳卫戍兵,变身咸鱼少女,http://www.biqugse.com/1018/,完结,2017/8/23 2:01
历史军事 ,鲨鱼禅师,唐朝工科生,http://www.biqugse.com/1019/,完结,2020/8/13 17:31
武侠修真 ,果果果芒,炮灰修仙,http://www.biqugse.com/1020/,完结,2017/11/28 8:32
都市言情 ,墨老黑,无悔九二,http://www.biqugse.com/1021/,完结,2018/7/5 16:33
都市言情 ,鸿蒙树,巅峰小农民,http://www.biqugse.com/1022/,完结,2017/10/26 0:17
玄幻魔法 ,丶浊浪东流,无限之被动系统,http://www.biqugse.com/1023/,完结,2018/1/10 11:20
恐怖科幻 ,寂寞桐小易,葬沙之灵异旅店,http://www.biqugse.com/1024/,完结,2018/5/3 19:21
玄幻魔法 ,语成,超级武神,http://www.biqugse.com/1025/,完结,2021/11/2 18:16
历史军事 ,铭启小郎,隋末之群英逐鹿,http://www.biqugse.com/1026/,完结,2022/3/16 9:05
武侠修真 ,血色迷惘,斩仙者,http://www.biqugse.com/1028/,完结,2017/9/20 9:13
武侠修真 ,挺大个脑袋,制霸山海经,http://www.biqugse.com/1029/,完结,2017/12/27 1:43
武侠修真 ,废纸桥,无限制神话,http://www.biqugse.com/1030/,完结,2018/7/10 18:25
都市言情 ,沉入太平洋,超级都市传说,http://www.biqugse.com/1031/,完结,2017/9/14 12:02
都市言情 ,快乐猴,训宠师,http://www.biqugse.com/1032/,完结,2017/11/1 11:02
玄幻魔法 ,苍天白鹤,通天仙路,http://www.biqugse.com/1033/,完结,2018/5/31 19:38
武侠修真 ,桔子july,华陵无双,http://www.biqugse.com/1034/,完结,2017/8/3 18:32
恐怖科幻 ,剑上独觉,请叫我邪神大人,http://www.biqugse.com/1035/,完结,2018/2/10 2:11
武侠修真 ,刀恨水,逆草,http://www.biqugse.com/1036/,完结,2018/5/7 22:13
玄幻魔法 ,打死都要钱,万道剑尊,http://www.biqugse.com/1037/,完结,2022/12/1 7:00
都市言情 ,慕容貔貅,少侠有美食,http://www.biqugse.com/1038/,完结,2018/6/24 17:42
历史军事 ,梁可凡,权臣风流,http://www.biqugse.com/1039/,完结,2017/11/9 4:50
玄幻魔法 ,深蓝椰子汁,战歌之王,http://www.biqugse.com/1040/,完结,2017/9/27 16:07
恐怖科幻 ,路几层,私人科技,http://www.biqugse.com/1041/,完结,2018/11/30 20:32
玄幻魔法 ,妖志,复仇领主养成计划,http://www.biqugse.com/1042/,完结,2017/10/5 16:32
恐怖科幻 ,驾驭使民,万界收容所,http://www.biqugse.com/1043/,完结,2020/5/2 22:33
都市言情 ,安暖暖,军婚蜜宠：老公，套路深,http://www.biqugse.com/1044/,完结,2019/4/21 16:05
都市言情 ,寒晓树,创业谜底,http://www.biqugse.com/1045/,完结,2018/3/6 18:15
历史军事 ,步枪打蚊子,抗战之无双战神,http://www.biqugse.com/1046/,完结,2017/11/29 13:14
都市言情 ,司唐,拯救男主计划,http://www.biqugse.com/1047/,完结,2017/10/15 13:32
历史军事 ,不动如风,我身后有天庭,http://www.biqugse.com/1048/,完结,2017/9/20 13:32
玄幻魔法 ,啊啊融融,术士战纪,http://www.biqugse.com/1049/,完结,2017/10/1 21:07
都市言情 ,佘大,会穿越的国王,http://www.biqugse.com/1050/,完结,2017/8/1 16:27
武侠修真 ,布衣天骄,无敌暴虐系统,http://www.biqugse.com/1051/,完结,2017/10/11 0:07
都市言情 ,灭世地魔,漫威宇宙的绿皮,http://www.biqugse.com/1052/,完结,2017/8/3 23:37
恐怖科幻 ,秋水,封鬼榜,http://www.biqugse.com/1053/,完结,2018/4/13 20:52
玄幻魔法 ,金峰无缺,天帝是怎样养成的,http://www.biqugse.com/1054/,完结,2017/10/13 23:43
都市言情 ,蓝墨白,人界第一仙,http://www.biqugse.com/1055/,完结,2017/11/21 15:31
都市言情 ,游十六,都市之超凡高手,http://www.biqugse.com/1056/,完结,2017/9/30 20:12
玄幻魔法 ,余云飞,暴风法神,http://www.biqugse.com/1057/,完结,2020/8/14 9:19
武侠修真 ,天丛,修真新世纪,http://www.biqugse.com/1058/,完结,2017/9/30 23:28
武侠修真 ,寂寞宇宙,武侠世界小龙套,http://www.biqugse.com/1059/,完结,2017/8/19 23:27
历史军事 ,凌风傲世,异能神医在都市,http://www.biqugse.com/1060/,完结,2022/3/19 18:34
历史军事 ,红场卖粽子,莫斯科1941,http://www.biqugse.com/1061/,完结,2019/7/17 17:25
都市言情 ,临高乳猪,超级医学生,http://www.biqugse.com/1062/,完结,2017/9/24 20:42
武侠修真 ,文刀手予,不二大道,http://www.biqugse.com/1063/,完结,2019/1/24 9:18
都市言情 ,花猫警长,神级明星系统,http://www.biqugse.com/1064/,完结,2021/10/4 11:40
都市言情 ,人在夜半,梦幻九七,http://www.biqugse.com/1065/,完结,2018/2/1 21:19
都市言情 ,我本疯狂,一世兵王,http://www.biqugse.com/1066/,完结,2017/11/21 23:07
武侠修真 ,中原五百,仙寥,http://www.biqugse.com/1067/,完结,2017/9/26 22:57
武侠修真 ,名武,许仙霸途,http://www.biqugse.com/1068/,完结,2017/9/20 7:37
历史军事 ,听雨沙漏,极品妖孽兵王,http://www.biqugse.com/1069/,完结,2018/11/30 22:25
网游同人 ,半步炼狱,喵客信条,http://www.biqugse.com/1070/,完结,2019/6/2 14:04
玄幻魔法 ,老夫年芳32,艾斯特拉达年记,http://www.biqugse.com/1071/,完结,2017/9/1 0:15
武侠修真 ,莫问初心,重生之逆战西游,http://www.biqugse.com/1072/,完结,2020/2/7 23:16
都市言情 ,潇湘宝宝,豪门养成之撩妻在上,http://www.biqugse.com/1073/,完结,2017/9/20 8:42
玄幻魔法 ,廻龙四哥,人王风暴,http://www.biqugse.com/1074/,完结,2017/9/29 6:58
恐怖科幻 ,南宫三千,末世之绝色军娘,http://www.biqugse.com/1075/,完结,2017/9/17 1:32
都市言情 ,昭昭,戾王嗜妻如命,http://www.biqugse.com/1076/,完结,2017/11/14 22:42
玄幻魔法 ,狼影剑,轮回武典,http://www.biqugse.com/1077/,完结,2017/11/2 15:52
恐怖科幻 ,月魔小舞,超级蛋蛋,http://www.biqugse.com/1078/,完结,2019/3/11 14:41
历史军事 ,崛起的石头,扫明,http://www.biqugse.com/1079/,完结,2018/4/20 20:01
玄幻魔法 ,三吃糖豆,无限随机系统,http://www.biqugse.com/1080/,完结,2017/10/5 20:09
玄幻魔法 ,尽千帆,不死帝尊,http://www.biqugse.com/1081/,完结,2019/12/31 18:08
恐怖科幻 ,紫梦幽龙,赶尸世家,http://www.biqugse.com/1082/,完结,2018/5/5 23:32
玄幻魔法 ,海贼皇,邪暝,http://www.biqugse.com/1083/,完结,2018/5/27 22:37
网游同人 ,李世壹,网游都市之神级土豪系统,http://www.biqugse.com/1084/,完结,2020/1/28 0:19
恐怖科幻 ,不知炫,界外之旅,http://www.biqugse.com/1085/,完结,2017/8/3 0:12
玄幻魔法 ,梦想传承,傲古帝尊,http://www.biqugse.com/1086/,完结,2018/11/4 11:49
恐怖科幻 ,南极烈日,史上最强店主,http://www.biqugse.com/1087/,完结,2020/12/23 18:41
恐怖科幻 ,原艾伦,宇宙的边缘世界,http://www.biqugse.com/1088/,完结,2018/6/20 23:35
玄幻魔法 ,战七少,帝少心头宠：国民校草是女生,http://www.biqugse.com/1089/,完结,2017/11/28 8:15
都市言情 ,瞎半身,重生之俗人一枚,http://www.biqugse.com/1090/,完结,2018/2/11 18:02
都市言情 ,哀先生,名侦探柯南之有哀才有我,http://www.biqugse.com/1091/,完结,2018/3/16 20:29
都市言情 ,云落竹,重启平行人生,http://www.biqugse.com/1092/,完结,2017/8/1 4:22
都市言情 ,莞尔wr,娱乐圈头条,http://www.biqugse.com/1093/,完结,2017/10/27 4:22
武侠修真 ,平安王,太极真神,http://www.biqugse.com/1094/,完结,2017/12/9 5:03
都市言情 ,五月伤,半岛岁月,http://www.biqugse.com/1095/,完结,2019/7/1 20:54
历史军事 ,绯红之月,革宋,http://www.biqugse.com/1096/,完结,2020/1/6 11:50
都市言情 ,君不见,懒神附体,http://www.biqugse.com/1097/,完结,2017/10/11 0:28
武侠修真 ,叶飞天涯,凡灵诛天传,http://www.biqugse.com/1098/,完结,2017/10/31 7:12
恐怖科幻 ,润德先生,地君,http://www.biqugse.com/1099/,完结,2019/1/23 16:33
历史军事 ,钢铁轰鸣,铁甲轰鸣,http://www.biqugse.com/1100/,完结,2017/9/18 6:47
武侠修真 ,东篱秋,再造混元,http://www.biqugse.com/1101/,完结,2017/11/9 13:52
玄幻魔法 ,史镜,神魔诸天,http://www.biqugse.com/1102/,完结,2017/10/26 20:02
恐怖科幻 ,暴兵对A,随身带着星际争霸,http://www.biqugse.com/1103/,完结,2018/11/9 23:10
都市言情 ,爱喝清茶,我真不要当明星,http://www.biqugse.com/1104/,完结,2019/7/16 20:54
历史军事 ,柴木木319,白羌林氏,http://www.biqugse.com/1105/,完结,2017/10/10 8:28
都市言情 ,亦辰,缚手成婚,http://www.biqugse.com/1106/,完结,2019/3/19 20:26
玄幻魔法 ,钜子白泽,白泽手札,http://www.biqugse.com/1107/,完结,2018/1/1 8:33
网游同人 ,正北方,开局一个大天使,http://www.biqugse.com/1108/,完结,2019/6/26 14:21
历史军事 ,亚丹,伪装之王,http://www.biqugse.com/1109/,完结,2019/4/10 14:32
武侠修真 ,丢三落四郎,风雷幽明水云闲,http://www.biqugse.com/1110/,完结,2018/7/30 8:47
玄幻魔法 ,天之七,九阳王者,http://www.biqugse.com/1111/,完结,2017/9/29 6:27
恐怖科幻 ,巫九,阴阳鬼术,http://www.biqugse.com/1112/,完结,2021/11/28 21:02
都市言情 ,半夏盛花,我们的冠军梦,http://www.biqugse.com/1113/,完结,2017/12/1 22:24
都市言情 ,杨小栖,重生女术士,http://www.biqugse.com/1114/,完结,2018/1/12 19:55
恐怖科幻 ,剑无云,恐怖红包群,http://www.biqugse.com/1115/,完结,2022/12/3 17:37
都市言情 ,禾景,禧云,http://www.biqugse.com/1116/,完结,2017/12/4 8:47
历史军事 ,因顾惜朝,红楼大官人,http://www.biqugse.com/1117/,完结,2019/4/10 11:17
都市言情 ,傲无常,我的邻居是女妖,http://www.biqugse.com/1118/,完结,2022/3/23 19:59
玄幻魔法 ,红海无痕,红色战神小狐仙,http://www.biqugse.com/1119/,完结,2017/9/3 21:02
玄幻魔法 ,渝人,纨绔拽媳,http://www.biqugse.com/1120/,完结,2019/4/21 16:06
都市言情 ,浮光锦,豪门主母,http://www.biqugse.com/1121/,完结,2019/4/21 16:05
玄幻魔法 ,本王略萌,神N代重生笔记,http://www.biqugse.com/1122/,完结,2018/1/30 10:09
玄幻魔法 ,朝不保夕,信仰诸天,http://www.biqugse.com/1123/,完结,2018/3/29 13:02
恐怖科幻 ,二哈啃骨头,都市之超级外星科技,http://www.biqugse.com/1124/,完结,2017/8/16 21:40
恐怖科幻 ,南城巡抚,龙楼诡墓,http://www.biqugse.com/1125/,完结,2017/10/15 15:23
玄幻魔法 ,水秀山青,紫阳帝尊,http://www.biqugse.com/1126/,完结,2019/7/17 18:02
恐怖科幻 ,懒中至尊,非常识性主神游戏,http://www.biqugse.com/1127/,完结,2017/8/4 10:52
恐怖科幻 ,墨香双鱼,崩坏纪元,http://www.biqugse.com/1128/,完结,2019/7/15 19:49
都市言情 ,风之灵韵,莺雄,http://www.biqugse.com/1129/,完结,2018/5/30 23:00
玄幻魔法 ,梦风扬,农民医生,http://www.biqugse.com/1130/,完结,2017/11/14 14:27
玄幻魔法 ,黑车不开了,梦回香江做大亨,http://www.biqugse.com/1131/,完结,2017/9/29 6:52
玄幻魔法 ,无敌小贝,武破九荒,http://www.biqugse.com/1132/,完结,2022/10/3 19:57
历史军事 ,亲不待,极品透视公子,http://www.biqugse.com/1133/,完结,2017/10/1 8:17
历史军事 ,发红包吗,修真高手在校园,http://www.biqugse.com/1134/,完结,2020/4/27 17:58
历史军事 ,雁九,族长压力大,http://www.biqugse.com/1135/,完结,2018/2/28 13:01
都市言情 ,残月黄泉,变身滑稽萝莉,http://www.biqugse.com/1136/,完结,2021/1/20 12:40
都市言情 ,一梦黄粱,老衲要还俗,http://www.biqugse.com/1137/,完结,2020/7/3 7:54
玄幻魔法 ,旺仔老馒头,太古龙象诀,http://www.biqugse.com/1138/,连载,2023/5/22 21:25
玄幻魔法 ,柳三刀,狂暴雷神,http://www.biqugse.com/1139/,完结,2018/5/18 20:54
恐怖科幻 ,冷雪轻飞,鬼生意之无常快递,http://www.biqugse.com/1140/,完结,2018/1/11 9:24
玄幻魔法 ,德吉科德,卡拉迪亚的世界,http://www.biqugse.com/1141/,完结,2018/4/17 17:16
恐怖科幻 ,北北的的的,重生之星空巨龟,http://www.biqugse.com/1142/,完结,2017/11/9 16:22
都市言情 ,孤罪者,大无限兑换抽奖穿越系统,http://www.biqugse.com/1143/,完结,2017/8/1 15:12
网游同人 ,白龙鱼狐,三国之王牌大领主,http://www.biqugse.com/1144/,完结,2019/1/21 20:52
玄幻魔法 ,木弋苏,潋渊劫,http://www.biqugse.com/1145/,完结,2017/11/2 22:47
历史军事 ,静水流真,文长的逆袭,http://www.biqugse.com/1146/,完结,2017/10/5 19:23
都市言情 ,烂衣奸少,在下慎二，有何贵干,http://www.biqugse.com/1147/,完结,2017/11/28 8:21
武侠修真 ,林西先生,驭鹤英雄传,http://www.biqugse.com/1148/,完结,2018/3/30 14:20
都市言情 ,含羞狸,重生乐神,http://www.biqugse.com/1149/,完结,2017/10/24 23:57
都市言情 ,船长,我的美女公寓,http://www.biqugse.com/1150/,完结,2018/8/13 12:25
都市言情 ,生煎咸了,我的提督怎么那么萌,http://www.biqugse.com/1151/,完结,2017/9/17 22:42
都市言情 ,沐笙箫,总裁大人，你好棒！,http://www.biqugse.com/1152/,完结,2021/1/26 12:35
都市言情 ,独尚兰舟,超级巨兽分身,http://www.biqugse.com/1153/,完结,2018/1/1 19:14
都市言情 ,陶良辰,美国之大牧场主,http://www.biqugse.com/1154/,完结,2017/10/9 17:22
玄幻魔法 ,幼稚不成熟,逆天网游系统,http://www.biqugse.com/1155/,完结,2017/12/15 20:37
网游同人 ,文抄公,逍遥梦路,http://www.biqugse.com/1156/,完结,2018/11/23 17:50
恐怖科幻 ,九天阙语,星球生死劫,http://www.biqugse.com/1157/,完结,2017/10/9 23:47
历史军事 ,黑米饭,修仙归来在校园,http://www.biqugse.com/1158/,完结,2017/10/1 9:42
玄幻魔法 ,夜邪雪,铁血狂魔,http://www.biqugse.com/1159/,完结,2017/9/21 2:27
武侠修真 ,燕灵君副号,无敌修真系统,http://www.biqugse.com/1160/,完结,2018/10/11 20:15
玄幻魔法 ,光环嘟,以神为饵,http://www.biqugse.com/1161/,完结,2018/2/7 10:42
武侠修真 ,刺嫩芽,祸害修仙界,http://www.biqugse.com/1162/,完结,2018/4/12 22:08
玄幻魔法 ,西山谣,最强天赋树,http://www.biqugse.com/1163/,完结,2019/5/27 17:29
网游同人 ,自在核桃,网游之强化大师,http://www.biqugse.com/1164/,完结,2020/1/15 11:26
都市言情 ,飛牛,修真高手都市纵横,http://www.biqugse.com/1165/,完结,2018/1/25 12:13
都市言情 ,中秋月明,梦想为王,http://www.biqugse.com/1166/,完结,2018/7/26 7:01
玄幻魔法 ,青草羊羊,恶魔之愿,http://www.biqugse.com/1167/,完结,2019/3/4 0:26
历史军事 ,鬼门刘阳,老子修仙回来了,http://www.biqugse.com/1168/,完结,2017/9/27 15:32
恐怖科幻 ,江南黎叔,银河边梦,http://www.biqugse.com/1169/,完结,2017/8/1 17:57
都市言情 ,偷名,神豪无极限,http://www.biqugse.com/1170/,完结,2021/2/3 11:26
历史军事 ,一叶一钢筋,大明至圣,http://www.biqugse.com/1171/,完结,2017/11/17 20:51
都市言情 ,心动豆鱼叉,吃在首尔,http://www.biqugse.com/1172/,完结,2021/1/24 11:34
玄幻魔法 ,齐天阿诅,借天之九番玄兵,http://www.biqugse.com/1173/,完结,2018/1/30 19:27
武侠修真 ,写字板,不死神凰,http://www.biqugse.com/1174/,完结,2017/10/11 3:57
玄幻魔法 ,蛮悔,独步苍途,http://www.biqugse.com/1175/,完结,2017/8/11 21:31
玄幻魔法 ,继续倔强,超武时代,http://www.biqugse.com/1176/,完结,2018/1/30 13:45
都市言情 ,老羊爱吃鱼,六零小娇妻,http://www.biqugse.com/1177/,完结,2017/12/26 0:09
武侠修真 ,木易7,玄元立道,http://www.biqugse.com/1178/,完结,2019/11/1 21:31
网游同人 ,凤谛,江湖江湖又见江湖,http://www.biqugse.com/1179/,完结,2018/2/16 0:22
恐怖科幻 ,开心小帅,从拯救咖啡店开始,http://www.biqugse.com/1180/,完结,2019/2/27 10:33
恐怖科幻 ,黑天魔神,感染体,http://www.biqugse.com/1181/,完结,2017/9/20 8:02
都市言情 ,贰把菜刀,极品美女校长,http://www.biqugse.com/1182/,完结,2017/9/29 2:57
都市言情 ,观棋柯烂,神级游戏大师,http://www.biqugse.com/1183/,完结,2018/4/1 10:26
历史军事 ,九宫格夫妻,史上最强猎头,http://www.biqugse.com/1184/,完结,2017/10/20 22:52
武侠修真 ,任我笑,最强神话帝皇,http://www.biqugse.com/1185/,完结,2019/2/20 20:46
都市言情 ,口水流满地,从零开始的触手怪,http://www.biqugse.com/1186/,完结,2018/2/13 21:38
都市言情 ,自在观,周氏医女,http://www.biqugse.com/1187/,完结,2017/9/15 23:47
都市言情 ,唐王陛下,重生之综艺我最爱,http://www.biqugse.com/1188/,完结,2017/9/29 23:12
都市言情 ,卡肥猫,高手无敌,http://www.biqugse.com/1189/,完结,2019/3/17 20:59
都市言情 ,绝色清粥,福至农家,http://www.biqugse.com/1190/,完结,2017/10/26 22:58
恐怖科幻 ,我叫排云掌,武侠世界大穿越,http://www.biqugse.com/1191/,完结,2018/8/12 9:20
恐怖科幻 ,千夜图,异度荒村,http://www.biqugse.com/1192/,完结,2018/1/16 12:07
都市言情 ,春梦关情,陈宫,http://www.biqugse.com/1193/,完结,2017/9/30 23:23
都市言情 ,麻辣老巫婆,重生之毒妃归来,http://www.biqugse.com/1194/,完结,2017/8/4 17:02
都市言情 ,大昊弟,大完美主播,http://www.biqugse.com/1195/,完结,2019/3/25 20:11
都市言情 ,金翎径客,仙尊纪,http://www.biqugse.com/1196/,完结,2017/8/8 9:58
都市言情 ,战西野,逆天神妃至上,http://www.biqugse.com/1197/,完结,2021/11/28 18:24
历史军事 ,尘风,龙组兵王,http://www.biqugse.com/1198/,完结,2018/2/10 13:32
都市言情 ,徽菜的书画,福晋有喜：爷，求不约,http://www.biqugse.com/1199/,完结,2019/7/5 12:17
武侠修真 ,烽仙,寒天帝,http://www.biqugse.com/1200/,完结,2020/4/14 18:57
玄幻魔法 ,疯子李,永恒仙尊,http://www.biqugse.com/1201/,完结,2018/2/22 2:17
历史军事 ,沧海暗殇,忠义天下,http://www.biqugse.com/1202/,完结,2018/11/18 19:05
都市言情 ,禄阁家声.CS,回到过去当神话,http://www.biqugse.com/1203/,完结,2019/2/12 18:36
玄幻魔法 ,浪荡邪少,超级医生在都市,http://www.biqugse.com/1204/,完结,2021/1/30 18:28
玄幻魔法 ,狂鲨,无上战祖,http://www.biqugse.com/1205/,完结,2018/1/1 10:38
历史军事 ,塞外流云,大清巨鳄,http://www.biqugse.com/1206/,完结,2019/7/9 23:48
都市言情 ,灵宇,美女赢家,http://www.biqugse.com/1207/,完结,2019/12/10 8:09
都市言情 ,吾为妖孽,鬼厨,http://www.biqugse.com/1208/,完结,2017/11/23 23:22
武侠修真 ,火火火火腿,喜相逢之风生水起,http://www.biqugse.com/1209/,完结,2017/9/20 13:07
历史军事 ,王大忽悠,新特工学生,http://www.biqugse.com/1210/,完结,2019/7/15 16:58
玄幻魔法 ,黄山忆,玄界澡堂,http://www.biqugse.com/1211/,完结,2017/9/29 13:18
玄幻魔法 ,傅啸尘,修炼狂潮,http://www.biqugse.com/1212/,完结,2021/1/3 11:41
恐怖科幻 ,水里的猴子,大宇宙之边境崛起,http://www.biqugse.com/1213/,完结,2017/11/5 0:23
都市言情 ,岁末清凉,一念为妃,http://www.biqugse.com/1214/,完结,2017/8/4 0:22
历史军事 ,腊月青梅子,大楚怀王,http://www.biqugse.com/1215/,完结,2017/8/23 1:21
玄幻魔法 ,小杰瑞,职业圣殿,http://www.biqugse.com/1216/,完结,2017/8/24 23:48
都市言情 ,奥雷,九龙灵探,http://www.biqugse.com/1217/,完结,2017/11/4 18:12
玄幻魔法 ,无上星空,领主养成手册,http://www.biqugse.com/1218/,完结,2019/4/5 17:21
都市言情 ,精品香烟,风水大术士,http://www.biqugse.com/1219/,完结,2018/7/16 15:52
玄幻魔法 ,吃瓜子群众,巫师亚伯,http://www.biqugse.com/1220/,完结,2019/2/17 12:25
都市言情 ,一笑定乾坤,都市之魔修,http://www.biqugse.com/1221/,完结,2018/2/25 23:32
网游同人 ,不是闻人,网游之剑刃舞者,http://www.biqugse.com/1222/,连载,2023/5/23 11:17
玄幻魔法 ,星辰雨,帝为天,http://www.biqugse.com/1223/,完结,2018/10/9 12:37
都市言情 ,愤怒的松鼠,疯骑士的宇宙时代,http://www.biqugse.com/1224/,完结,2019/9/22 13:27
恐怖科幻 ,深不可侧,东方次元入侵,http://www.biqugse.com/1225/,完结,2019/2/18 0:26
都市言情 ,Loeva,秦楼春,http://www.biqugse.com/1226/,完结,2018/8/29 19:58
武侠修真 ,学不会的咸鱼,超级妖猴闯西游,http://www.biqugse.com/1227/,完结,2020/10/24 9:20
恐怖科幻 ,西门西北,银河代言人,http://www.biqugse.com/1228/,完结,2018/1/3 13:37
都市言情 ,花开彼岸,隐婚是门技术活,http://www.biqugse.com/1229/,完结,2017/12/23 18:26
恐怖科幻 ,索索咬豚豚,恐怖二次元,http://www.biqugse.com/1230/,完结,2018/3/27 18:33
玄幻魔法 ,人一介,美食诱获,http://www.biqugse.com/1231/,完结,2020/5/28 0:05
都市言情 ,低声轻语,韩娱之灿,http://www.biqugse.com/1232/,完结,2018/10/15 15:43
武侠修真 ,二八少年,玄阳门下,http://www.biqugse.com/1233/,完结,2018/1/11 18:47
都市言情 ,李暮歌,我的美女总裁夫人,http://www.biqugse.com/1234/,完结,2018/1/12 17:38
都市言情 ,前天看到小兔,龙之少女,http://www.biqugse.com/1235/,完结,2019/2/27 0:59
都市言情 ,骚年不知愁滋味,都市之盗版神话,http://www.biqugse.com/1236/,完结,2017/9/20 8:32
玄幻魔法 ,雷云风暴,征途,http://www.biqugse.com/1237/,完结,2019/5/19 2:11
都市言情 ,不会哭泣的雨,宝藏收割系统,http://www.biqugse.com/1238/,完结,2017/9/15 9:19
玄幻魔法 ,无玄,帝道传承,http://www.biqugse.com/1239/,完结,2018/10/8 0:02
恐怖科幻 ,妖冶娴都,英雄联盟之天王时代,http://www.biqugse.com/1240/,完结,2017/11/28 8:06
都市言情 ,不语安然,重生军嫂追夫记,http://www.biqugse.com/1241/,完结,2017/12/30 12:19
都市言情 ,七星草,重生甜妻之最强经纪人,http://www.biqugse.com/1242/,完结,2018/9/4 7:50
玄幻魔法 ,丢弃的心,沧海无缘,http://www.biqugse.com/1243/,完结,2018/9/25 8:07
玄幻魔法 ,会说忘言,希腊之紫薇大帝,http://www.biqugse.com/1244/,完结,2018/7/19 9:44
都市言情 ,蛤蟆酬勤,超级寻物APP,http://www.biqugse.com/1245/,完结,2020/5/28 12:55
恐怖科幻 ,高科的十字架,末世妖行路,http://www.biqugse.com/1246/,完结,2017/8/9 7:17
恐怖科幻 ,小生爱花生,星空之轮回天机,http://www.biqugse.com/1247/,完结,2018/3/5 9:02
都市言情 ,花虎,末世之随机召唤师,http://www.biqugse.com/1248/,完结,2017/9/20 7:27
武侠修真 ,鼠自来,洪荒之妹控伏羲,http://www.biqugse.com/1249/,完结,2022/2/7 19:58
都市言情 ,李四羊,火影之活久见,http://www.biqugse.com/1250/,完结,2018/3/9 10:06
都市言情 ,老树昏鸭,小农民修真,http://www.biqugse.com/1251/,完结,2019/7/13 13:35
恐怖科幻 ,穷四,国产动画大冒险,http://www.biqugse.com/1252/,完结,2018/3/27 8:52
玄幻魔法 ,凌无声,剑道师祖,http://www.biqugse.com/1253/,完结,2017/10/27 2:27
历史军事 ,迪巴拉爵士,带着仓库到大明,http://www.biqugse.com/1254/,完结,2021/11/14 17:56
都市言情 ,三胖,学霸的科技帝国,http://www.biqugse.com/1255/,完结,2017/9/13 12:37
玄幻魔法 ,彼岸冥使,天穹武破,http://www.biqugse.com/1256/,完结,2017/9/2 2:21
玄幻魔法 ,太否,极星天尊,http://www.biqugse.com/1257/,完结,2017/8/2 9:17
都市言情 ,我真是首富,最强首富培养系统,http://www.biqugse.com/1258/,完结,2017/9/20 11:12
都市言情 ,罗衣对雪,惹火999次：乔爷，坏！,http://www.biqugse.com/1259/,完结,2017/11/28 8:01
历史军事 ,海陵少爷,穿越当饭吃之欧式春秋,http://www.biqugse.com/1260/,完结,2017/9/30 11:50
历史军事 ,伊犁豆浆,大唐小人物,http://www.biqugse.com/1261/,完结,2017/9/29 7:47
都市言情 ,弄雪天子,若华的小时空直播间,http://www.biqugse.com/1262/,完结,2019/3/6 21:36
都市言情 ,半包薯片,职业挖宝人,http://www.biqugse.com/1263/,完结,2019/4/25 12:10
玄幻魔法 ,李二少爷,燃血上神天,http://www.biqugse.com/1264/,完结,2017/9/20 5:25
网游同人 ,芸荳,杀星崛起,http://www.biqugse.com/1265/,完结,2017/10/31 18:57
玄幻魔法 ,洛添衣,异界虫兽总动员,http://www.biqugse.com/1266/,完结,2017/8/27 22:58
历史军事 ,上山打老虎额,大文豪,http://www.biqugse.com/1267/,完结,2020/6/27 11:11
网游同人 ,最浪子,从玄幻登录到都市,http://www.biqugse.com/1268/,完结,2018/2/12 6:18
都市言情 ,渐进淡出,农女倾城,http://www.biqugse.com/1269/,完结,2018/9/24 23:12
恐怖科幻 ,苏简云,嗔狂恋人,http://www.biqugse.com/1270/,完结,2017/8/2 11:10
都市言情 ,左岸浅行,娱乐韩娱,http://www.biqugse.com/1271/,完结,2017/9/5 17:52
都市言情 ,有鱼的天空,娱乐之闪耀冰山,http://www.biqugse.com/1272/,完结,2019/11/12 16:14
玄幻魔法 ,风行水云间,宁小闲御神录,http://www.biqugse.com/1273/,完结,2017/11/5 19:37
都市言情 ,满满V,婚礼大师,http://www.biqugse.com/1274/,完结,2017/9/7 3:02
武侠修真 ,五志,神级巫医在都市,http://www.biqugse.com/1275/,完结,2018/8/18 12:26
历史军事 ,云霄野,水浒任侠,http://www.biqugse.com/1276/,完结,2020/3/7 14:48
历史军事 ,一夕秋月,重生明朝当皇帝,http://www.biqugse.com/1277/,完结,2017/10/12 13:23
都市言情 ,旺角黑夜,我的绝美老婆,http://www.biqugse.com/1278/,完结,2019/7/17 17:00
都市言情 ,向往的青空,我在东瀛有座道观,http://www.biqugse.com/1279/,完结,2019/7/10 11:37
玄幻魔法 ,蒜书,星武通神,http://www.biqugse.com/1280/,完结,2018/6/30 16:47
玄幻魔法 ,夏白雨,神泉手链,http://www.biqugse.com/1281/,完结,2017/11/10 18:07
都市言情 ,卖报小郎君,我的姐姐是大明星,http://www.biqugse.com/1282/,完结,2022/10/8 9:35
都市言情 ,紫云奔,我真不算明星,http://www.biqugse.com/1283/,完结,2017/9/28 22:57
玄幻魔法 ,梵缺,爆笑宠妃：爷我等你休妻,http://www.biqugse.com/1284/,完结,2017/11/28 8:06
都市言情 ,真狼魂,绿茵狂龙,http://www.biqugse.com/1285/,完结,2018/5/10 10:37
都市言情 ,秋风123,终极高手,http://www.biqugse.com/1286/,完结,2018/7/27 21:08
玄幻魔法 ,尘山,乾坤剑神,http://www.biqugse.com/1287/,完结,2021/11/19 0:00
玄幻魔法 ,北指,小草崛起,http://www.biqugse.com/1288/,完结,2018/1/11 19:18
历史军事 ,闪烁,最强军火之王,http://www.biqugse.com/1289/,完结,2018/3/1 10:44
都市言情 ,白色十三号,最佳影星,http://www.biqugse.com/1290/,完结,2018/8/31 11:12
都市言情 ,步轻尘,美女的神级保镖,http://www.biqugse.com/1291/,完结,2019/4/11 11:56
都市言情 ,黄金战士,重生之妖孽人生,http://www.biqugse.com/1292/,完结,2021/6/15 12:57
玄幻魔法 ,二十年麒麟臂,骑士号角,http://www.biqugse.com/1293/,完结,2017/8/18 18:02
恐怖科幻 ,问东君,我和龙女有个约会,http://www.biqugse.com/1294/,完结,2017/9/20 8:23
都市言情 ,孤雨随风,灵武帝尊,http://www.biqugse.com/1295/,完结,2022/11/6 20:01
都市言情 ,川东第三帅,我的绝色总裁夫人,http://www.biqugse.com/1296/,完结,2018/4/3 19:33
玄幻魔法 ,花子鱼,创世圣戒,http://www.biqugse.com/1297/,完结,2017/9/28 19:28
恐怖科幻 ,橘子红薯,史上最强手机,http://www.biqugse.com/1298/,完结,2017/8/23 14:02
都市言情 ,纪念者,超级娱乐红包,http://www.biqugse.com/1299/,完结,2017/10/27 5:02
历史军事 ,指云笑天道1,隋末阴雄,http://www.biqugse.com/1300/,完结,2017/8/8 19:53
都市言情 ,赟老爷,奶爸明星,http://www.biqugse.com/1301/,完结,2017/10/18 0:23
都市言情 ,爱笑的小刺猬,极限运动之无限作死,http://www.biqugse.com/1302/,完结,2021/1/23 10:59
武侠修真 ,风识,修真军火帝国,http://www.biqugse.com/1303/,完结,2018/8/31 7:25
都市言情 ,三月棠墨,暖宠之国民妖精怀里来,http://www.biqugse.com/1304/,完结,2017/9/30 18:07
都市言情 ,我丑到灵魂深处,抓鬼小农民,http://www.biqugse.com/1305/,完结,2019/3/27 11:45
武侠修真 ,老张李,洪荒生存指南,http://www.biqugse.com/1306/,完结,2017/11/22 17:47
网游同人 ,颓废龙,恶魔囚笼,http://www.biqugse.com/1307/,完结,2017/10/27 3:27
历史军事 ,追影,女神总裁的贴身兵王,http://www.biqugse.com/1309/,完结,2017/9/20 7:58
武侠修真 ,试剑天涯,仙域科技霸主,http://www.biqugse.com/1310/,完结,2022/5/2 9:50
都市言情 ,幽篁小筑,万国侯传,http://www.biqugse.com/1311/,完结,2019/4/27 18:00
都市言情 ,观水楼,火影之水遁最强,http://www.biqugse.com/1312/,完结,2019/2/16 1:14
恐怖科幻 ,青幕山,进入电影,http://www.biqugse.com/1313/,完结,2018/4/1 14:09
历史军事 ,夜黑羽,不羁的青春,http://www.biqugse.com/1314/,完结,2017/10/1 9:28
都市言情 ,小污猫,神级阅读系统,http://www.biqugse.com/1315/,完结,2017/10/14 12:42
都市言情 ,云月流光,魔禁之万物冻结,http://www.biqugse.com/1316/,完结,2019/7/15 21:30
历史军事 ,堕落的狼崽,宋末之乱臣贼子,http://www.biqugse.com/1317/,完结,2019/7/29 9:01
玄幻魔法 ,真庸,超级小医生,http://www.biqugse.com/1318/,完结,2017/10/23 3:22
网游同人 ,铁牛仙,网游之我是武学家,http://www.biqugse.com/1319/,完结,2019/3/15 8:20
恐怖科幻 ,幻镜真人,未来之元能纪事,http://www.biqugse.com/1320/,完结,2018/5/24 2:27
历史军事 ,石肆,贞观帝师,http://www.biqugse.com/1321/,完结,2017/10/26 23:07
玄幻魔法 ,程砚秋,有妖气客栈,http://www.biqugse.com/1322/,完结,2020/4/30 21:34
都市言情 ,赵玺宝,8号娇宠：宝贝，你要乖！,http://www.biqugse.com/1323/,完结,2017/8/11 23:37
玄幻魔法 ,六道沉沦,剑道通神,http://www.biqugse.com/1324/,完结,2020/5/26 23:06
武侠修真 ,熊猫老爸,野兽剑客,http://www.biqugse.com/1325/,完结,2019/3/20 23:44
都市言情 ,敢为,从学霸开始,http://www.biqugse.com/1326/,完结,2019/6/4 19:45
历史军事 ,贱宗首席弟子,大魏宫廷,http://www.biqugse.com/1327/,完结,2021/10/14 12:44
都市言情 ,万里里,99次离婚：厉少，请低调,http://www.biqugse.com/1328/,完结,2017/11/28 8:53
都市言情 ,野禅狐,贤臣养成实录,http://www.biqugse.com/1329/,完结,2017/10/31 23:07
历史军事 ,邻家小田,魔尊归来,http://www.biqugse.com/1330/,完结,2017/9/20 8:52
历史军事 ,长歌子,逍遥县令,http://www.biqugse.com/1331/,完结,2018/6/30 20:50
都市言情 ,海蓝时见鲸,山野杂家,http://www.biqugse.com/1332/,完结,2019/9/24 8:20
武侠修真 ,冰之无限,吾欲永生,http://www.biqugse.com/1333/,完结,2018/12/26 15:05
都市言情 ,庚不让,俗人回档,http://www.biqugse.com/1334/,完结,2021/1/12 14:07
都市言情 ,翟南,大纲别嚣张,http://www.biqugse.com/1335/,完结,2017/9/18 6:22
武侠修真 ,倾世大鹏,无限之开荒者,http://www.biqugse.com/1336/,完结,2017/12/31 13:47
网游同人 ,静谧长夜,战争天堂,http://www.biqugse.com/1337/,完结,2017/11/28 8:35
恐怖科幻 ,江心向月,我就是英雄联盟,http://www.biqugse.com/1338/,完结,2017/10/15 23:57
历史军事 ,丑牛1985,浴血兵魂,http://www.biqugse.com/1339/,完结,2018/1/27 21:57
玄幻魔法 ,江夙,混劫天,http://www.biqugse.com/1340/,完结,2017/8/17 9:10
恐怖科幻 ,蔡伯,美漫里的天使,http://www.biqugse.com/1341/,完结,2017/9/14 22:58
都市言情 ,巅峰小雨,丑女种田：山里汉宠妻无度,http://www.biqugse.com/1342/,完结,2019/7/5 7:30
历史军事 ,皇叔刘司马,大汉龙骑,http://www.biqugse.com/1343/,完结,2017/10/27 7:17
都市言情 ,清溪云路,我的灯塔女神,http://www.biqugse.com/1344/,完结,2017/9/3 3:57
玄幻魔法 ,柳江南,校园绝品狂神,http://www.biqugse.com/1345/,完结,2022/9/19 8:54
玄幻魔法 ,孤单地飞,神道丹尊,http://www.biqugse.com/1346/,完结,2022/11/9 8:25
都市言情 ,绯樱月,下堂妇,http://www.biqugse.com/1347/,完结,2017/10/13 6:22
玄幻魔法 ,山人有妙计,传奇族长,http://www.biqugse.com/1348/,完结,2017/9/20 9:02
都市言情 ,淡月黯然,重生之步步生莲,http://www.biqugse.com/1349/,完结,2017/8/11 19:42
玄幻魔法 ,蜀狂人,武道霸主,http://www.biqugse.com/1350/,完结,2019/7/16 12:05
都市言情 ,悦燃,从主播到主神,http://www.biqugse.com/1351/,完结,2017/8/15 11:22
玄幻魔法 ,八月飞鹰,史上最强师兄,http://www.biqugse.com/1352/,完结,2022/12/14 10:32
玄幻魔法 ,薪意,神门,http://www.biqugse.com/1353/,完结,2018/11/17 10:18
都市言情 ,南瓜树,明星裁判,http://www.biqugse.com/1354/,完结,2017/10/19 22:47
玄幻魔法 ,邪影,武道天下,http://www.biqugse.com/1355/,完结,2019/12/14 11:42
都市言情 ,楼城西,重生之传奇时代,http://www.biqugse.com/1356/,完结,2019/2/23 1:38
武侠修真 ,凤凰槃涅,带着萌宠去修仙,http://www.biqugse.com/1357/,完结,2017/11/17 17:13
玄幻魔法 ,君落花,至尊战神,http://www.biqugse.com/1358/,完结,2017/9/10 12:32
都市言情 ,末日黄瓜,火影之暗晓,http://www.biqugse.com/1359/,完结,2018/1/4 16:37
武侠修真 ,水真好喝,天地微尘传,http://www.biqugse.com/1360/,完结,2018/1/31 23:09
都市言情 ,小莴,高冉的异世生活,http://www.biqugse.com/1361/,完结,2017/11/5 19:27
玄幻魔法 ,威武武威,娱乐掌控者,http://www.biqugse.com/1362/,完结,2017/10/30 23:28
武侠修真 ,杨家第一人,紫府变,http://www.biqugse.com/1363/,完结,2018/4/17 21:05
都市言情 ,虞龙泽,虫游记,http://www.biqugse.com/1364/,完结,2018/2/15 17:59
玄幻魔法 ,中箭的芋头,黑曜魔石,http://www.biqugse.com/1365/,完结,2017/8/3 5:32
玄幻魔法 ,畏罪难飞,幻蓝星之歌,http://www.biqugse.com/1366/,完结,2017/11/7 23:02
恐怖科幻 ,骑猪砍树,巫师的世界之旅,http://www.biqugse.com/1367/,完结,2017/9/30 19:58
历史军事 ,七月新番,战国明月,http://www.biqugse.com/1368/,完结,2017/8/24 4:42
都市言情 ,蜜汁香蕉,我的海岛王国,http://www.biqugse.com/1369/,完结,2017/8/27 21:15
玄幻魔法 ,文刀肥羊,大谋神,http://www.biqugse.com/1370/,完结,2017/9/13 17:28
都市言情 ,晓村,医品庶女,http://www.biqugse.com/1371/,完结,2017/10/5 8:32
都市言情 ,枯玄,仙王的日常生活,http://www.biqugse.com/1372/,完结,2022/7/28 2:32
恐怖科幻 ,蜀椒,她的左眼能见鬼,http://www.biqugse.com/1373/,完结,2019/4/2 18:30
都市言情 ,三十而励,韩娱之请签收,http://www.biqugse.com/1374/,完结,2017/8/25 21:02
都市言情 ,猎予,重生之打假天王,http://www.biqugse.com/1375/,完结,2017/9/4 8:29
玄幻魔法 ,远照,星圣之剑,http://www.biqugse.com/1376/,完结,2019/1/1 19:55
武侠修真 ,居简,飒飒西风,http://www.biqugse.com/1377/,完结,2017/11/8 14:37
都市言情 ,夜惠美,妻华,http://www.biqugse.com/1378/,完结,2018/2/10 9:46
玄幻魔法 ,萧潜,超凡传,http://www.biqugse.com/1379/,完结,2018/11/17 15:18
都市言情 ,水玲珑001,彪悍小农妃,http://www.biqugse.com/1380/,完结,2017/11/2 16:57
都市言情 ,荨秣泱泱,绝世神医之逆天魔妃,http://www.biqugse.com/1381/,完结,2022/11/4 8:32
恐怖科幻 ,纪茗,幻游猎人,http://www.biqugse.com/1382/,完结,2019/1/25 21:46
恐怖科幻 ,飞雪九天,星灵神座,http://www.biqugse.com/1383/,完结,2017/9/13 22:37
都市言情 ,昊鲤,娱乐之最强大脑,http://www.biqugse.com/1384/,完结,2018/11/23 13:22
武侠修真 ,鹅是老五,不朽凡人,http://www.biqugse.com/1385/,完结,2017/12/31 13:02
都市言情 ,毓轩,军嫂重生记,http://www.biqugse.com/1386/,完结,2020/12/31 22:04
都市言情 ,青城无忌,电影教师,http://www.biqugse.com/1387/,完结,2019/4/10 20:08
玄幻魔法 ,茗泽,仙煌道祖,http://www.biqugse.com/1388/,完结,2017/12/5 13:17
都市言情 ,南斗之主,爱上野玫瑰,http://www.biqugse.com/1389/,完结,2018/3/22 17:42
玄幻魔法 ,何处不染尘,神魔供应商,http://www.biqugse.com/1390/,完结,2018/3/4 22:08
历史军事 ,汉风雄烈,主宰江山,http://www.biqugse.com/1391/,完结,2017/11/10 11:37
历史军事 ,鹅蛋不会飞,穿越在古罗马帝国,http://www.biqugse.com/1392/,完结,2017/11/30 16:27
都市言情 ,鬼谷仙师,超级学神,http://www.biqugse.com/1393/,完结,2020/6/19 14:10
都市言情 ,小段探花,地球唯一修士,http://www.biqugse.com/1394/,完结,2017/9/20 11:07
武侠修真 ,雪满林中,破庙有神仙,http://www.biqugse.com/1395/,完结,2017/10/11 1:38
都市言情 ,李森森01,乡村小仙医,http://www.biqugse.com/1396/,完结,2019/1/11 10:08
历史军事 ,野生芒果,极品叶少龙,http://www.biqugse.com/1397/,完结,2017/10/30 15:27
历史军事 ,失过,手机定江山,http://www.biqugse.com/1398/,完结,2018/2/1 19:52
恐怖科幻 ,坤极,星际被坑日常,http://www.biqugse.com/1399/,完结,2017/9/12 11:38
都市言情 ,大侠张云泽,最强弃兵,http://www.biqugse.com/1400/,完结,2017/9/14 7:32
历史军事 ,小囧同学,草民遇三国,http://www.biqugse.com/1401/,完结,2017/8/3 14:33
都市言情 ,木子心,奇妙重生,http://www.biqugse.com/1402/,完结,2018/4/18 15:43
网游同人 ,家里第三胖,重生之暗夜崛起,http://www.biqugse.com/1403/,完结,2018/7/3 13:42
玄幻魔法 ,小凡点,天元图录,http://www.biqugse.com/1404/,完结,2017/9/29 4:02
都市言情 ,忘记我是谁,韩娱之我是安娜,http://www.biqugse.com/1405/,完结,2019/4/6 15:41
历史军事 ,幻星虎,三国我当皇帝,http://www.biqugse.com/1406/,完结,2018/3/3 23:07
都市言情 ,不是女王,农门春色：丑颜魅惑俏狼君,http://www.biqugse.com/1408/,完结,2018/6/30 2:25
恐怖科幻 ,始于初见,末世尸帝,http://www.biqugse.com/1409/,完结,2020/5/5 16:40
恐怖科幻 ,顿顿蛋炒饭,美漫之二次元逞凶,http://www.biqugse.com/1410/,完结,2017/12/1 14:41
都市言情 ,逆之梦,宫斗这点小事,http://www.biqugse.com/1411/,完结,2017/9/14 9:02
都市言情 ,四高男人,格斗王中王,http://www.biqugse.com/1412/,完结,2018/3/7 22:47
武侠修真 ,雷动天下,萌妖纪,http://www.biqugse.com/1413/,完结,2017/9/30 2:27
历史军事 ,王子凌风,梦幻初唐,http://www.biqugse.com/1414/,完结,2017/12/18 23:09
网游同人 ,阿0瑟,重生之大神是天后,http://www.biqugse.com/1415/,完结,2017/10/9 19:02
恐怖科幻 ,幽幽弱水,空间炮灰生存,http://www.biqugse.com/1416/,完结,2019/4/11 14:59
都市言情 ,听装酱油,韩娱之透视未来,http://www.biqugse.com/1417/,完结,2020/12/31 17:32
玄幻魔法 ,四叶荷,军嫂的彪悍时代,http://www.biqugse.com/1418/,完结,2018/7/3 23:23
都市言情 ,时谦,新世纪的异端英雄,http://www.biqugse.com/1419/,完结,2019/5/23 23:57
恐怖科幻 ,荒泽孤雁,暴风族,http://www.biqugse.com/1420/,完结,2018/3/19 8:44
武侠修真 ,咆哮的巨熊,聊斋之上仙,http://www.biqugse.com/1421/,完结,2017/10/27 6:42
武侠修真 ,碧海蓝天是我老婆,世间自在仙,http://www.biqugse.com/1422/,完结,2017/10/9 11:13
玄幻魔法 ,爱潜水的乌贼,武道宗师,http://www.biqugse.com/1423/,完结,2021/6/23 22:37
武侠修真 ,暗淡冷漠,纪元之主,http://www.biqugse.com/1424/,完结,2019/5/12 19:04
玄幻魔法 ,苍知,山海画妖师,http://www.biqugse.com/1425/,完结,2019/10/29 17:09
都市言情 ,光之序曲,无限之次元幻想,http://www.biqugse.com/1426/,完结,2020/12/31 16:47
都市言情 ,游千山,万界神豪,http://www.biqugse.com/1427/,完结,2018/2/28 13:39
恐怖科幻 ,猛虎道长,恐怖都市,http://www.biqugse.com/1428/,完结,2017/8/7 21:38
都市言情 ,A魔,超级感动系统,http://www.biqugse.com/1429/,完结,2017/8/27 16:19
历史军事 ,日月勿,消防兄弟,http://www.biqugse.com/1430/,完结,2017/9/29 10:58
都市言情 ,只是张凡人,退役勇者的宠物店,http://www.biqugse.com/1431/,完结,2017/12/8 0:09
玄幻魔法 ,包租东,超级修炼系统,http://www.biqugse.com/1432/,完结,2022/8/9 8:45
都市言情 ,大白之主,都市神级强者,http://www.biqugse.com/1433/,完结,2020/8/26 19:56
网游同人 ,小二续杯,网游之荒古大世界,http://www.biqugse.com/1434/,完结,2017/10/30 22:38
武侠修真 ,梦侍,超神级进化系统,http://www.biqugse.com/1435/,完结,2017/9/3 19:22
都市言情 ,不言成蹊,重生七零之怦然心动,http://www.biqugse.com/1436/,完结,2017/11/2 20:39
都市言情 ,虫2,从写手到巨星,http://www.biqugse.com/1437/,完结,2017/9/29 12:37
历史军事 ,韦小龙,兵王神医混都市,http://www.biqugse.com/1438/,完结,2017/10/24 16:43
恐怖科幻 ,岳家郡,养玉为妻,http://www.biqugse.com/1439/,完结,2017/8/12 9:57
恐怖科幻 ,纤壹,末世女王的崛起,http://www.biqugse.com/1440/,完结,2018/2/25 22:32
都市言情 ,曹献之,一个电影人的诞生,http://www.biqugse.com/1441/,完结,2017/10/31 12:43
都市言情 ,月下无美人,我就是如此娇花,http://www.biqugse.com/1442/,完结,2018/9/29 0:28
恐怖科幻 ,骑马钓鱼,尸命,http://www.biqugse.com/1443/,完结,2018/7/12 11:37
网游同人 ,御公子ii,攻略组,http://www.biqugse.com/1444/,完结,2018/2/20 12:02
都市言情 ,斗勺,登顶炼气师,http://www.biqugse.com/1445/,完结,2019/4/11 19:14
恐怖科幻 ,龙青衫,末世异形主宰,http://www.biqugse.com/1446/,完结,2021/1/3 11:34
都市言情 ,记忆火苗,竹马快到碗里来！,http://www.biqugse.com/1447/,完结,2017/8/3 22:39
历史军事 ,子鹤,异时空大宋,http://www.biqugse.com/1448/,完结,2017/8/3 22:48
都市言情 ,小教主,三界红包群,http://www.biqugse.com/1449/,完结,2021/4/16 11:47
都市言情 ,流水狂飙,花都绝品狂医,http://www.biqugse.com/1450/,完结,2019/5/28 19:22
都市言情 ,没见过的东家,枕边尤物,http://www.biqugse.com/1451/,完结,2019/4/21 16:05
都市言情 ,铁牛仙,都市之最强天师系统,http://www.biqugse.com/1452/,完结,2017/9/20 8:48
恐怖科幻 ,金属裂纹,甲壳狂潮,http://www.biqugse.com/1453/,完结,2017/11/5 16:37
都市言情 ,北萌很萌,都市位面聊天群,http://www.biqugse.com/1454/,完结,2017/11/17 21:11
玄幻魔法 ,今晚又打老虎,绝品保镖,http://www.biqugse.com/1455/,完结,2018/6/4 11:57
玄幻魔法 ,蓝领笑笑生,全能修炼至尊,http://www.biqugse.com/1456/,完结,2018/5/19 12:35
恐怖科幻 ,墨泠,反派BOSS有毒,http://www.biqugse.com/1457/,完结,2017/9/13 16:17
都市言情 ,青山铁杉,重生我的时代,http://www.biqugse.com/1458/,完结,2017/10/4 0:42
玄幻魔法 ,韩门公子,天帝逍遥,http://www.biqugse.com/1459/,完结,2018/8/1 11:00
都市言情 ,气定还神闲,一路走来色彩人生,http://www.biqugse.com/1460/,完结,2017/8/29 19:28
武侠修真 ,听风观云278,谈笑看吴钩,http://www.biqugse.com/1461/,完结,2018/1/6 0:09
玄幻魔法 ,海贼之皇,邪脉,http://www.biqugse.com/1462/,完结,2018/5/28 9:07
恐怖科幻 ,六月烦恼风,无限级大世界,http://www.biqugse.com/1463/,完结,2017/8/12 2:12
恐怖科幻 ,幻动,末日轮盘,http://www.biqugse.com/1464/,连载,2023/5/19 15:58
武侠修真 ,西城冷月,西游之问道长生,http://www.biqugse.com/1465/,完结,2021/3/29 10:51
玄幻魔法 ,潇湘夫子,恶魔直播间,http://www.biqugse.com/1466/,完结,2018/8/16 20:29
玄幻魔法 ,尹四,当个法师闹革命,http://www.biqugse.com/1467/,完结,2018/11/19 10:06
都市言情 ,灵妖妖,邪王，宠不够！,http://www.biqugse.com/1468/,完结,2017/10/19 1:33
都市言情 ,夜尽月落,舰娘之无双幻想,http://www.biqugse.com/1469/,完结,2017/9/1 20:32
都市言情 ,晓色初开,独孤大人纪事,http://www.biqugse.com/1470/,完结,2020/3/29 14:38
玄幻魔法 ,酒池醉,异世之召唤文臣猛将,http://www.biqugse.com/1471/,完结,2020/7/12 9:23
玄幻魔法 ,纯洁滴小龙,恐怖广播,http://www.biqugse.com/1472/,完结,2017/10/27 7:17
玄幻魔法 ,竖子不可教,法家高徒,http://www.biqugse.com/1473/,完结,2019/5/23 0:05
都市言情 ,采茶小哥,都市绝品仙医,http://www.biqugse.com/1474/,完结,2020/10/31 15:25
都市言情 ,止明先生,次元神厨,http://www.biqugse.com/1475/,完结,2017/10/20 16:43
都市言情 ,风中的失落,廖凡民的江湖,http://www.biqugse.com/1476/,完结,2018/1/1 22:46
都市言情 ,一楼,天姿娇女,http://www.biqugse.com/1477/,完结,2017/10/11 16:02
都市言情 ,京门菜刀,首富巨星,http://www.biqugse.com/1478/,完结,2017/9/20 7:17
武侠修真 ,四行,都市妙手仙医,http://www.biqugse.com/1479/,完结,2018/9/23 15:12
恐怖科幻 ,啃罐头的猫,未来符文炼器师,http://www.biqugse.com/1480/,完结,2018/2/27 15:10
武侠修真 ,神仙混口饭,血界蛮荒,http://www.biqugse.com/1481/,完结,2017/12/1 9:09
网游同人 ,呆萌的萝卜,这个大神开外挂,http://www.biqugse.com/1482/,完结,2022/1/15 21:40
玄幻魔法 ,白衣小生,剑道强者,http://www.biqugse.com/1483/,完结,2017/9/22 0:08
都市言情 ,封央,军少大人，体力好,http://www.biqugse.com/1484/,完结,2017/8/6 16:58
玄幻魔法 ,九哼,尊上,http://www.biqugse.com/1485/,完结,2022/7/12 8:49
历史军事 ,黑田职高,黑田家的战国,http://www.biqugse.com/1486/,完结,2018/2/28 20:57
武侠修真 ,齐天小沙弥,狂剑逍遥行,http://www.biqugse.com/1487/,完结,2018/3/15 15:33
玄幻魔法 ,唐家三少,龙王传说,http://www.biqugse.com/1488/,完结,2022/12/28 17:26
武侠修真 ,边城老孙,他是白无常,http://www.biqugse.com/1489/,完结,2017/10/31 19:07
恐怖科幻 ,落雪不止,魔魂枪风,http://www.biqugse.com/1490/,完结,2018/3/13 0:22
玄幻魔法 ,拉姆,神级大魔头,http://www.biqugse.com/1491/,完结,2021/10/9 21:48
武侠修真 ,鬼雨,仙藏,http://www.biqugse.com/1492/,完结,2018/10/10 12:26
武侠修真 ,艾露恩,头顶青天,http://www.biqugse.com/1493/,完结,2017/9/16 7:58
都市言情 ,刀锋起舞,重生之气运无敌,http://www.biqugse.com/1494/,完结,2017/10/20 16:23
网游同人 ,鲲之鱼,怪兽大狂飙,http://www.biqugse.com/1495/,完结,2017/10/31 14:47
武侠修真 ,封七月,最强反派系统,http://www.biqugse.com/1496/,完结,2022/12/22 18:32
恐怖科幻 ,卜非,通灵巫医,http://www.biqugse.com/1497/,完结,2017/10/7 8:37
都市言情 ,我是路口,绿茵称王,http://www.biqugse.com/1498/,完结,2021/6/23 10:19
都市言情 ,云雾轻扬,足球：非凡之路,http://www.biqugse.com/1499/,完结,2018/3/5 18:26
武侠修真 ,沁园居士,仙韵传,http://www.biqugse.com/1500/,连载,2023/5/23 9:52
玄幻魔法 ,问鼎,美女总裁的神级侍卫,http://www.biqugse.com/1501/,完结,2021/7/14 13:32
武侠修真 ,山春秀,道法虚空,http://www.biqugse.com/1502/,完结,2017/11/30 11:04
武侠修真 ,以神之手,堆月箫,http://www.biqugse.com/1503/,完结,2018/1/19 10:08
历史军事 ,御炎,万历1592,http://www.biqugse.com/1504/,完结,2019/1/16 13:21
历史军事 ,南狐本尊,女总裁的超级高手,http://www.biqugse.com/1505/,完结,2017/12/7 9:27
都市言情 ,天地风行,彪悍小农民,http://www.biqugse.com/1506/,完结,2019/7/14 20:20
武侠修真 ,发飙的饺子,花都透视仙医,http://www.biqugse.com/1507/,完结,2018/8/15 19:18
玄幻魔法 ,此生落落,重生做皇帝,http://www.biqugse.com/1508/,完结,2018/6/30 20:11
恐怖科幻 ,无业骑士,特别合作科,http://www.biqugse.com/1509/,完结,2019/4/16 17:00
玄幻魔法 ,攻速小短剑,我在诸神世界修行,http://www.biqugse.com/1510/,完结,2017/11/12 13:39
都市言情 ,铁血大隐,商界巅峰,http://www.biqugse.com/1511/,完结,2017/10/28 14:42
武侠修真 ,灵小玄,九玄天尊,http://www.biqugse.com/1512/,完结,2017/10/8 10:12
历史军事 ,白色孤岛1,抗战之血染山河,http://www.biqugse.com/1513/,完结,2018/6/28 12:49
玄幻魔法 ,乌山云雨,执掌乾坤,http://www.biqugse.com/1514/,完结,2017/10/14 11:53
都市言情 ,血蝠,古董商的寻宝之旅,http://www.biqugse.com/1515/,完结,2019/8/13 18:00
都市言情 ,卖萌无敌小小宝,文艺大明星,http://www.biqugse.com/1516/,完结,2021/6/26 17:39
网游同人 ,纯吸尼古丁,网游之锦衣卫,http://www.biqugse.com/1517/,完结,2020/3/11 9:22
都市言情 ,素手画梦,重生六零逆袭记,http://www.biqugse.com/1518/,完结,2017/11/16 22:48
玄幻魔法 ,恋风,至尊归元,http://www.biqugse.com/1519/,完结,2020/11/24 13:04
武侠修真 ,黄家猛虎,无极圣手,http://www.biqugse.com/1520/,完结,2017/11/28 1:28
恐怖科幻 ,牛家一郎,大汉科技帝国,http://www.biqugse.com/1521/,完结,2021/6/25 13:51
都市言情 ,寻北仪,全能透视,http://www.biqugse.com/1522/,完结,2017/11/28 8:28
都市言情 ,我是小雪参,无限存档宫斗系统,http://www.biqugse.com/1523/,完结,2018/6/1 20:29
网游同人 ,果味喵,绝顶枪王,http://www.biqugse.com/1524/,完结,2018/2/1 14:03
玄幻魔法 ,古栋,丹师剑宗,http://www.biqugse.com/1525/,完结,2021/1/18 11:29
武侠修真 ,月关,古剑屠魔录,http://www.biqugse.com/1526/,完结,2017/8/18 21:58
玄幻魔法 ,大命运者,武行天下,http://www.biqugse.com/1527/,完结,2017/11/28 8:08
武侠修真 ,砼道中人,超级大宗师系统,http://www.biqugse.com/1528/,完结,2018/6/30 12:39
都市言情 ,宝木F,重返1999,http://www.biqugse.com/1529/,完结,2017/10/1 19:53
历史军事 ,千厥,崛起之帝国系统,http://www.biqugse.com/1530/,完结,2018/3/1 15:03
都市言情 ,卢碧,为美好的异世献上科学,http://www.biqugse.com/1531/,完结,2018/8/1 12:29
玄幻魔法 ,三脚架,吾名雷恩,http://www.biqugse.com/1533/,完结,2017/12/20 23:33
网游同人 ,雷角家的,艾泽拉斯小妖修,http://www.biqugse.com/1534/,完结,2017/10/31 17:52
都市言情 ,槐秋,庶女贵娇,http://www.biqugse.com/1535/,完结,2020/2/20 18:57
都市言情 ,风老四,透视极品妖孽,http://www.biqugse.com/1536/,完结,2017/9/14 17:07
恐怖科幻 ,武文弄默,至尊掠夺系统,http://www.biqugse.com/1537/,完结,2017/10/2 18:07
历史军事 ,止天戈,军工霸业,http://www.biqugse.com/1538/,完结,2022/7/19 12:02
都市言情 ,情飞,大穿越神戒,http://www.biqugse.com/1539/,完结,2020/9/25 21:29
武侠修真 ,道无穷,道无穷尽,http://www.biqugse.com/1540/,完结,2017/11/10 19:27
武侠修真 ,微染三月,仙梨有仙气,http://www.biqugse.com/1541/,完结,2017/10/19 6:57
武侠修真 ,雪心九羽,仙入罗天,http://www.biqugse.com/1542/,完结,2018/2/20 21:17
历史军事 ,张包包,闹隋,http://www.biqugse.com/1543/,完结,2017/9/1 13:43
玄幻魔法 ,火七居士,合婚秘籍,http://www.biqugse.com/1544/,完结,2017/10/31 8:52
玄幻魔法 ,李鸿天,异世界的美食家,http://www.biqugse.com/1545/,完结,2018/8/9 20:25
玄幻魔法 ,御之灵,太古尊魔,http://www.biqugse.com/1546/,完结,2017/9/29 16:52
历史军事 ,听雨问剑,秦风天下,http://www.biqugse.com/1547/,完结,2019/7/14 3:48
玄幻魔法 ,沧澜止戈,盛唐无妖,http://www.biqugse.com/1548/,完结,2017/11/9 14:32
都市言情 ,漂浮的气球2,都市修真医圣,http://www.biqugse.com/1549/,完结,2019/5/28 19:00
都市言情 ,麦溜溜,霸道小校医,http://www.biqugse.com/1550/,完结,2017/9/10 22:13
都市言情 ,索阳辰夏,王爷，求休战！,http://www.biqugse.com/1551/,完结,2017/8/21 22:17
恐怖科幻 ,小韵和小云,罗雀屋的杀人舞台剧,http://www.biqugse.com/1552/,完结,2017/11/1 0:55
都市言情 ,一起数月亮,终极盆栽,http://www.biqugse.com/1553/,完结,2018/1/9 6:07
都市言情 ,南城少年,极品透视修仙,http://www.biqugse.com/1554/,完结,2017/10/9 15:42
玄幻魔法 ,暗夜行走,逍遥兵王,http://www.biqugse.com/1555/,完结,2020/7/15 19:53
武侠修真 ,一杯浊酒入喉,超脱诸天万界,http://www.biqugse.com/1556/,完结,2017/10/3 17:13
武侠修真 ,太乙神蛇,八荒圣道,http://www.biqugse.com/1557/,完结,2017/12/3 18:28
都市言情 ,东风西畔,重生之我是歌王,http://www.biqugse.com/1558/,完结,2018/1/4 23:28
都市言情 ,姚颖怡,最春风,http://www.biqugse.com/1559/,完结,2018/5/24 2:23
武侠修真 ,无极书虫,太易,http://www.biqugse.com/1560/,完结,2017/10/12 21:33
都市言情 ,黑色尼古丁,最强道统系统,http://www.biqugse.com/1561/,完结,2021/7/11 11:38
历史军事 ,银刀驸马,历史扳道工,http://www.biqugse.com/1562/,完结,2018/5/18 0:32
都市言情 ,狼族的天狼星,控场时代,http://www.biqugse.com/1563/,完结,2018/7/16 12:12
都市言情 ,西林葳蕤,重生之小小烘焙师,http://www.biqugse.com/1564/,完结,2017/9/24 20:28
玄幻魔法 ,妖羽,九霄武帝,http://www.biqugse.com/1565/,完结,2022/12/6 16:13
网游同人 ,夜夜小枪,我要选吕布,http://www.biqugse.com/1566/,完结,2017/8/31 23:52
都市言情 ,画画太岁,重生之投资之王,http://www.biqugse.com/1567/,完结,2019/1/3 5:27
玄幻魔法 ,天魔圣,龙脉战神,http://www.biqugse.com/1568/,完结,2018/12/31 21:07
网游同人 ,白日会做梦,重生之领主时代,http://www.biqugse.com/1569/,完结,2021/3/30 17:25
玄幻魔法 ,点墨江山,太上尊,http://www.biqugse.com/1570/,完结,2018/3/6 21:19
都市言情 ,宝巨要崛起,归来的宗师,http://www.biqugse.com/1571/,完结,2017/10/26 1:42
都市言情 ,墨色绯虹,混迹在奥特纪元,http://www.biqugse.com/1572/,完结,2017/10/25 20:38
玄幻魔法 ,三个我,一界天穹,http://www.biqugse.com/1573/,完结,2017/8/30 17:59
玄幻魔法 ,有羽的季节,阴阳秘录,http://www.biqugse.com/1574/,完结,2017/9/26 22:02
都市言情 ,墟七花,火影之圣杯系统,http://www.biqugse.com/1575/,完结,2017/11/28 8:48
玄幻魔法 ,叫我道哥,放纵的青春期,http://www.biqugse.com/1576/,完结,2017/9/20 6:32
恐怖科幻 ,韭菜德芙包,末世之狂法,http://www.biqugse.com/1577/,完结,2017/9/27 17:13
都市言情 ,洪七,美女总裁的特种高手,http://www.biqugse.com/1578/,完结,2017/10/27 6:12
历史军事 ,茅屋秋雨,从酋长到球长,http://www.biqugse.com/1579/,完结,2017/10/5 23:13
玄幻魔法 ,悲剧山伯爵,白银之轮,http://www.biqugse.com/1580/,完结,2017/8/23 2:22
都市言情 ,公子不歌,重生完美时代,http://www.biqugse.com/1581/,完结,2020/1/12 1:43
都市言情 ,旅心僧,老师请留步,http://www.biqugse.com/1582/,完结,2017/10/4 1:50
网游同人 ,凌虚月影,纵横天下有神功,http://www.biqugse.com/1583/,完结,2017/8/11 14:47
玄幻魔法 ,二蛇,重生之杀手至尊,http://www.biqugse.com/1584/,完结,2017/10/13 10:37
武侠修真 ,云芨,天命为凰,http://www.biqugse.com/1585/,完结,2018/1/31 9:38
玄幻魔法 ,派大康,神秘巫师,http://www.biqugse.com/1586/,完结,2018/9/24 12:27
都市言情 ,言若叶,道门振兴系统,http://www.biqugse.com/1587/,完结,2019/6/17 14:02
都市言情 ,马小虎,夜店红人,http://www.biqugse.com/1588/,完结,2017/11/6 12:02
历史军事 ,流香千古,三国之巅峰召唤,http://www.biqugse.com/1589/,连载,2023/5/21 3:42
玄幻魔法 ,青山扛把子,荒岛霸主,http://www.biqugse.com/1590/,完结,2017/9/13 18:38
都市言情 ,赵青杉,我的妹妹是偶像,http://www.biqugse.com/1591/,完结,2017/11/6 22:02
武侠修真 ,九斤八两,重生之我的兄弟是阎王,http://www.biqugse.com/1592/,完结,2019/1/20 23:46
武侠修真 ,跃千愁,道君,http://www.biqugse.com/1593/,完结,2019/4/26 0:51
恐怖科幻 ,铁锁,驭房有术,http://www.biqugse.com/1594/,完结,2020/11/7 19:07
武侠修真 ,残天羡,洪荒之星空不朽,http://www.biqugse.com/1595/,完结,2017/8/20 0:07
都市言情 ,疯狂的石头怪,英雄联盟之从小兵开始,http://www.biqugse.com/1597/,完结,2020/1/24 13:31
玄幻魔法 ,索斯,剑与魔法与出租车,http://www.biqugse.com/1598/,完结,2017/10/27 0:37
恐怖科幻 ,狂小子唐天,无限之科技主宰,http://www.biqugse.com/1599/,完结,2018/12/10 20:20
都市言情 ,辛老五,俗人重生记,http://www.biqugse.com/1600/,完结,2018/9/3 17:35
都市言情 ,竹子米,水墨田居小日子,http://www.biqugse.com/1601/,完结,2018/12/21 15:56
玄幻魔法 ,皇天域,大道藏经阁,http://www.biqugse.com/1602/,完结,2017/10/1 7:27
都市言情 ,砼中砼,重生之超级砼帝国,http://www.biqugse.com/1603/,完结,2017/8/10 2:42
武侠修真 ,晨风沧岳,九天仙缘,http://www.biqugse.com/1604/,完结,2019/7/23 21:21
玄幻魔法 ,一剑清新,逆剑狂神,http://www.biqugse.com/1605/,连载,2023/5/23 9:37
玄幻魔法 ,夜雨闻铃0,妖世纵横,http://www.biqugse.com/1606/,完结,2017/11/27 12:36
都市言情 ,二宝天使,咸鱼翻身的正确姿势,http://www.biqugse.com/1607/,完结,2019/3/13 18:13
玄幻魔法 ,寻飞,王者,http://www.biqugse.com/1608/,完结,2017/11/23 18:52
恐怖科幻 ,上弦月下花,漫步世界的旅人,http://www.biqugse.com/1609/,完结,2018/6/13 22:16
恐怖科幻 ,不若自在,玄门崛起,http://www.biqugse.com/1610/,完结,2017/11/30 15:39
历史军事 ,丛林狼,战神之王,http://www.biqugse.com/1611/,完结,2018/1/14 7:09
都市言情 ,司马白衫,大城时代,http://www.biqugse.com/1612/,完结,2018/11/2 15:35
都市言情 ,七星少将,我可能救了个假世界,http://www.biqugse.com/1613/,完结,2020/11/6 11:32
恐怖科幻 ,维斯特帕列,未来宠物店,http://www.biqugse.com/1614/,完结,2018/12/25 18:04
玄幻魔法 ,谢斐道,戏说大唐和尚猪八戒,http://www.biqugse.com/1615/,完结,2017/9/4 8:52
武侠修真 ,杜灿,逆天仙尊2,http://www.biqugse.com/1616/,完结,2018/4/24 11:05
历史军事 ,铁血坦克兵,大明舰队,http://www.biqugse.com/1617/,完结,2017/9/12 1:32
历史军事 ,呼啦圈大神,舌尖上的大宋,http://www.biqugse.com/1618/,完结,2019/9/5 18:30
武侠修真 ,底虚,斩邪问道,http://www.biqugse.com/1619/,完结,2018/2/5 13:37
都市言情 ,黑岛菜,黑金总裁，豪门新婚告急,http://www.biqugse.com/1620/,完结,2017/8/23 12:22
武侠修真 ,依旧的迷茫,苍穹仙主,http://www.biqugse.com/1621/,完结,2017/9/12 15:32
玄幻魔法 ,花静开,鏖仙,http://www.biqugse.com/1622/,完结,2017/12/5 19:12
玄幻魔法 ,今晚吃鱼翅,神国纪元,http://www.biqugse.com/1623/,完结,2018/5/31 22:11
都市言情 ,巨石强森,南澳牧场,http://www.biqugse.com/1624/,完结,2017/10/21 1:00
网游同人 ,凡尘书生,神说世界之风起云涌,http://www.biqugse.com/1625/,完结,2019/4/1 23:15
网游同人 ,我是黑胖子,洛瓦兰之帝,http://www.biqugse.com/1626/,完结,2017/9/29 11:13
网游同人 ,解大仙,重生英雄联盟世界,http://www.biqugse.com/1627/,完结,2017/8/15 16:57
恐怖科幻 ,我为谪仙人,无限之电影杀戮,http://www.biqugse.com/1628/,完结,2017/11/2 16:37
都市言情 ,西方蜘蛛,我家农场有条龙,http://www.biqugse.com/1629/,完结,2018/12/14 15:30
恐怖科幻 ,炎定终生,电影世界里的侠客,http://www.biqugse.com/1630/,完结,2017/9/21 1:48
玄幻魔法 ,一土成二木,焚天魂主,http://www.biqugse.com/1631/,完结,2017/9/28 13:27
玄幻魔法 ,神见,无敌天下,http://www.biqugse.com/1632/,完结,2022/11/27 11:32
武侠修真 ,楚铁衣,神鼎玄皇,http://www.biqugse.com/1633/,完结,2018/1/6 20:27
历史军事 ,屋外风吹凉,醉迷红楼,http://www.biqugse.com/1634/,完结,2022/12/8 15:32
玄幻魔法 ,江湖再见,超神妖孽,http://www.biqugse.com/1635/,完结,2018/9/20 21:23
玄幻魔法 ,药王爷,超级美食帝国,http://www.biqugse.com/1636/,完结,2017/11/30 18:27
都市言情 ,狼牙怪兽,夺取基因,http://www.biqugse.com/1637/,完结,2020/10/2 23:53
都市言情 ,一吨大苹果,在漫威当超级英雄的那些年,http://www.biqugse.com/1638/,完结,2019/5/1 19:03
都市言情 ,静夜寄思,仙界归来,http://www.biqugse.com/1639/,完结,2022/4/25 9:57
都市言情 ,染筱萋,闪婚狂妻低调点,http://www.biqugse.com/1640/,完结,2017/9/27 21:32
武侠修真 ,最爱吃凉糕,请叫我宗主大人,http://www.biqugse.com/1641/,完结,2018/11/30 9:07
历史军事 ,五分音符2,三国演业,http://www.biqugse.com/1642/,完结,2017/10/15 21:38
历史军事 ,风一刀,修真邪少闯花都,http://www.biqugse.com/1643/,完结,2017/11/9 18:27
都市言情 ,天南二剑,我的超级庄园,http://www.biqugse.com/1644/,完结,2021/4/19 23:59
玄幻魔法 ,六道,人生得意无尽欢,http://www.biqugse.com/1646/,完结,2022/6/30 17:55
都市言情 ,曾经拥有的方向感,我真不是开玩笑,http://www.biqugse.com/1647/,完结,2018/12/6 13:50
武侠修真 ,二十六点,武竞天择,http://www.biqugse.com/1648/,完结,2018/4/17 22:55
恐怖科幻 ,采茶纪,超级位面手表,http://www.biqugse.com/1649/,完结,2017/12/31 8:15
历史军事 ,龙猫跳,中二病也要修真,http://www.biqugse.com/1650/,完结,2017/8/24 6:07
恐怖科幻 ,弹指一笑间0,恶灵国度,http://www.biqugse.com/1651/,完结,2018/3/28 21:05
都市言情 ,李飘红楼,荣凰,http://www.biqugse.com/1652/,完结,2019/2/9 0:58
网游同人 ,十曜,一枪致命,http://www.biqugse.com/1653/,完结,2017/10/27 2:52
恐怖科幻 ,银花火树,十月蛇胎,http://www.biqugse.com/1654/,完结,2018/4/19 16:32
玄幻魔法 ,天际衡星,乱斗武者,http://www.biqugse.com/1655/,完结,2017/8/24 22:14
恐怖科幻 ,财迷道长,灵玉,http://www.biqugse.com/1656/,完结,2017/10/11 2:48
都市言情 ,莫辰子,绝品透视眼,http://www.biqugse.com/1657/,完结,2019/5/28 19:00
都市言情 ,春又绿江南,嫡女不好惹：大明小医妃,http://www.biqugse.com/1658/,完结,2018/3/20 1:21
玄幻魔法 ,东方梧桐,天路尊主,http://www.biqugse.com/1659/,完结,2017/10/17 0:32
玄幻魔法 ,道在不可见,无尽神器,http://www.biqugse.com/1660/,完结,2017/9/20 9:13
恐怖科幻 ,蒙面和尚,万界旅行者,http://www.biqugse.com/1661/,完结,2017/12/2 11:27
历史军事 ,非渔之鱼,历史求生之路,http://www.biqugse.com/1663/,完结,2017/10/4 0:41
玄幻魔法 ,蚕茧里的牛,真武世界,http://www.biqugse.com/1664/,完结,2019/4/30 22:31
都市言情 ,袖里箭,史上第一方丈,http://www.biqugse.com/1665/,完结,2017/10/14 14:42
恐怖科幻 ,白眼大帝,世界为王,http://www.biqugse.com/1666/,完结,2017/8/9 2:38
玄幻魔法 ,庞飞烟,八荒斗神,http://www.biqugse.com/1667/,完结,2018/1/29 20:55
都市言情 ,静候轮回,韩娱之我的会长大人,http://www.biqugse.com/1668/,完结,2018/8/25 21:56
恐怖科幻 ,这波666,神级商城系统,http://www.biqugse.com/1669/,完结,2017/10/16 2:01
网游同人 ,祈言誓约,最强新手剑,http://www.biqugse.com/1670/,完结,2017/9/20 5:47
玄幻魔法 ,咸鱼公爵,霜寒之翼,http://www.biqugse.com/1671/,完结,2019/3/9 8:29
历史军事 ,石慌,战国霸天下,http://www.biqugse.com/1672/,完结,2017/11/19 11:04
都市言情 ,一枝轩,都市绝品少帅,http://www.biqugse.com/1673/,完结,2018/6/10 20:48
武侠修真 ,神秘男人,能穿越的修行者,http://www.biqugse.com/1674/,完结,2018/10/3 15:21
武侠修真 ,秃笔居士,大唐仙医,http://www.biqugse.com/1675/,完结,2018/1/28 5:27
都市言情 ,猪头七,球场教父,http://www.biqugse.com/1676/,完结,2018/6/21 16:15
武侠修真 ,竹林之大贤,凌天剑神,http://www.biqugse.com/1677/,完结,2022/9/6 12:53
都市言情 ,祥光,娱乐怪才,http://www.biqugse.com/1678/,完结,2018/2/28 20:26
都市言情 ,香港大亨,大国文娱,http://www.biqugse.com/1680/,完结,2019/3/12 22:34
都市言情 ,莲之缘,古代上位攻略,http://www.biqugse.com/1681/,完结,2018/1/31 12:21
都市言情 ,宝哥,娱乐帝国系统,http://www.biqugse.com/1682/,连载,2023/5/23 11:17
武侠修真 ,若止未央,极品仙蛾,http://www.biqugse.com/1683/,完结,2018/3/2 9:59
武侠修真 ,第九天命,一品道门,http://www.biqugse.com/1684/,完结,2019/2/5 11:01
历史军事 ,希行,大帝姬,http://www.biqugse.com/1685/,完结,2022/12/4 12:30
恐怖科幻 ,沐日海洋,末日研究室,http://www.biqugse.com/1686/,完结,2017/12/2 8:43
玄幻魔法 ,竹瓦,生灵变幻,http://www.biqugse.com/1687/,完结,2017/9/10 7:23
玄幻魔法 ,末羽,超人制造商,http://www.biqugse.com/1689/,完结,2017/9/20 9:07
恐怖科幻 ,尤前,星际男神是我爸,http://www.biqugse.com/1690/,完结,2017/11/18 18:43
历史军事 ,府天,公子千秋,http://www.biqugse.com/1691/,完结,2018/11/19 16:19
玄幻魔法 ,月鎏香,邪君狂凤：诛天九小姐,http://www.biqugse.com/1692/,完结,2017/8/31 0:27
都市言情 ,老徐牧羊,华娱之黄金年代,http://www.biqugse.com/1693/,完结,2017/9/24 17:02
玄幻魔法 ,黑土冒青烟,全民进化时代,http://www.biqugse.com/1695/,完结,2019/1/13 20:33
历史军事 ,锋锐,复活之战斗在第三帝国,http://www.biqugse.com/1696/,完结,2022/7/21 15:38
网游同人 ,遥月訫,神器收藏家,http://www.biqugse.com/1697/,完结,2019/3/4 12:12
历史军事 ,猫族皇子,三国封神策,http://www.biqugse.com/1698/,完结,2017/12/1 21:01
都市言情 ,海底熔岩,寻找走丢的舰娘,http://www.biqugse.com/1699/,完结,2019/2/18 16:04
历史军事 ,北冥老鱼,懒散初唐,http://www.biqugse.com/1700/,完结,2018/6/15 12:17
都市言情 ,枫叶缀,龙珠之最强神话,http://www.biqugse.com/1701/,完结,2018/3/5 10:45
都市言情 ,牧尘客,混世矿工,http://www.biqugse.com/1702/,完结,2017/12/1 9:37
历史军事 ,青史尽成灰,大宋将门,http://www.biqugse.com/1703/,完结,2018/3/28 21:51
武侠修真 ,虎钺,超级捕快系统,http://www.biqugse.com/1704/,完结,2018/2/22 2:32
玄幻魔法 ,不信邪,神武霸帝,http://www.biqugse.com/1705/,完结,2017/10/27 0:47
都市言情 ,楚田,异能小农民,http://www.biqugse.com/1706/,完结,2019/5/23 17:34
都市言情 ,吱吱,慕南枝,http://www.biqugse.com/1707/,完结,2022/1/22 18:58
玄幻魔法 ,善断灵狐,全球修炼时代,http://www.biqugse.com/1708/,完结,2017/9/22 19:23
恐怖科幻 ,双木子女,末日神门,http://www.biqugse.com/1709/,完结,2017/8/15 13:58
都市言情 ,想枕头的瞌睡,仙界科技,http://www.biqugse.com/1710/,完结,2020/1/2 17:43
玄幻魔法 ,瑞根,烽皇,http://www.biqugse.com/1711/,完结,2018/1/31 16:17
都市言情 ,红烧茄子煲,逆天透视眼,http://www.biqugse.com/1712/,完结,2019/4/18 23:22
都市言情 ,流氓鱼儿,绝品小神医,http://www.biqugse.com/1713/,完结,2019/12/28 16:54
恐怖科幻 ,金钱到家,掠夺诸天,http://www.biqugse.com/1714/,完结,2018/4/30 23:12
玄幻魔法 ,快乐的悲剧,超武进化,http://www.biqugse.com/1715/,完结,2018/3/6 16:47
都市言情 ,安平泰,重生1991,http://www.biqugse.com/1716/,完结,2017/8/21 23:38
玄幻魔法 ,懒鸟,我是杀毒软件,http://www.biqugse.com/1717/,完结,2018/9/10 21:46
玄幻魔法 ,陆摇,太古星辰诀,http://www.biqugse.com/1719/,完结,2019/7/17 17:31
武侠修真 ,守着猫睡觉的鱼,道吟,http://www.biqugse.com/1720/,完结,2020/3/4 16:58
恐怖科幻 ,川南剑君,混在末世当渔夫,http://www.biqugse.com/1721/,完结,2017/9/20 20:37
都市言情 ,光禄大夫,神医小农民,http://www.biqugse.com/1722/,完结,2021/1/20 12:30
都市言情 ,自由输入,爱情公寓之最强大叔,http://www.biqugse.com/1723/,完结,2017/8/6 21:18
历史军事 ,吹牛者,临高启明,http://www.biqugse.com/1724/,完结,2021/1/3 11:39
网游同人 ,突然光和热,萌神信徒,http://www.biqugse.com/1725/,完结,2019/7/23 19:42
武侠修真 ,千古一傲人,洪荒之榕植万界,http://www.biqugse.com/1726/,完结,2017/9/14 2:37
玄幻魔法 ,罗刹修士,一代拳法,http://www.biqugse.com/1727/,完结,2017/8/20 5:57
都市言情 ,黑衣刺客,梦幻西游之黑衣刺客,http://www.biqugse.com/1728/,完结,2017/12/31 17:37
都市言情 ,豆芽不逗,火影之均衡忍道,http://www.biqugse.com/1729/,完结,2021/10/11 0:09
都市言情 ,吾乃阿荼,宠婚撩人：老婆，你好甜,http://www.biqugse.com/1730/,完结,2017/11/28 20:43
都市言情 ,鹌鹑皮蛋,最强散财神豪,http://www.biqugse.com/1731/,完结,2017/11/28 8:07
网游同人 ,地狱火炬,我的游戏能提现,http://www.biqugse.com/1732/,完结,2017/11/28 7:58
都市言情 ,格鱼,重生无冕之王,http://www.biqugse.com/1733/,完结,2020/2/17 20:25
武侠修真 ,妖天,圣古大帝,http://www.biqugse.com/1734/,完结,2017/10/27 23:13
玄幻魔法 ,洛城东,绝世武魂,http://www.biqugse.com/1735/,连载,2023/5/21 3:29
玄幻魔法 ,我是多余人,九域神皇,http://www.biqugse.com/1736/,完结,2019/7/17 19:05
网游同人 ,执笔道春秋,异空之三国灵将,http://www.biqugse.com/1737/,完结,2017/10/2 23:38
都市言情 ,镜中风月,真龙天帝,http://www.biqugse.com/1738/,完结,2018/5/29 18:42
恐怖科幻 ,龙雅人,诡道传人,http://www.biqugse.com/1739/,完结,2019/6/11 23:36
都市言情 ,MP3,都市绝品仙医,http://www.biqugse.com/1740/,完结,2019/5/28 19:19
玄幻魔法 ,任九天,太古剑魔,http://www.biqugse.com/1741/,完结,2018/4/20 17:28
网游同人 ,核动力重坦,圣魔猎手,http://www.biqugse.com/1742/,完结,2017/12/16 1:11
恐怖科幻 ,新兵扛老枪,怒瀚,http://www.biqugse.com/1743/,完结,2017/10/15 1:37
历史军事 ,一红雪,特种兵之血色军刀,http://www.biqugse.com/1744/,完结,2019/7/6 23:56
玄幻魔法 ,丹青白菜,天鳞变,http://www.biqugse.com/1745/,完结,2017/10/11 19:02
恐怖科幻 ,伴读小牧童,特殊事件专案组,http://www.biqugse.com/1746/,完结,2018/5/14 23:14
都市言情 ,银眼的斩杀者,二次元的浪客,http://www.biqugse.com/1747/,完结,2018/3/2 19:47
历史军事 ,魔冥王,风起大宋,http://www.biqugse.com/1748/,完结,2019/11/10 14:56
玄幻魔法 ,菜农种菜,都市最强仙医,http://www.biqugse.com/1749/,完结,2017/10/27 1:07
历史军事 ,期度,医路通天,http://www.biqugse.com/1750/,完结,2018/8/31 7:47
历史军事 ,东风暗刻,大唐之绝版马官,http://www.biqugse.com/1751/,完结,2019/7/14 17:25
网游同人 ,说我帅给你花,宅女的游戏情缘,http://www.biqugse.com/1752/,完结,2017/11/30 22:12
都市言情 ,养只猫挠你,画满田园,http://www.biqugse.com/1753/,完结,2020/5/31 18:30
网游同人 ,扑通的一声,网游之至尊神猎,http://www.biqugse.com/1754/,完结,2018/9/28 7:47
都市言情 ,被罚站的豆豆,狂武战帝,http://www.biqugse.com/1755/,完结,2017/10/25 14:02
都市言情 ,李慎行,韩娱之全职丈夫,http://www.biqugse.com/1756/,完结,2020/10/12 9:12
恐怖科幻 ,黑袍雷斯林,守望黎明号,http://www.biqugse.com/1757/,完结,2017/9/20 19:32
都市言情 ,灼日长弓,极品全能学霸,http://www.biqugse.com/1758/,完结,2017/8/9 9:47
恐怖科幻 ,老琚啊老琚,我看见了我在那儿,http://www.biqugse.com/1759/,完结,2018/2/15 8:05
玄幻魔法 ,同袍旧书,天照传说,http://www.biqugse.com/1760/,完结,2017/8/15 22:52
玄幻魔法 ,一念乱天机,未来开拓者,http://www.biqugse.com/1761/,完结,2018/2/23 14:15
玄幻魔法 ,上江君,仙武大明星,http://www.biqugse.com/1762/,完结,2019/2/12 15:24
历史军事 ,574981,抗日之铁血智将,http://www.biqugse.com/1763/,完结,2018/5/30 14:42
都市言情 ,东方红领巾,火影之妖,http://www.biqugse.com/1764/,完结,2017/10/13 1:52
玄幻魔法 ,零零捌,铁血屠神,http://www.biqugse.com/1765/,完结,2018/1/6 17:20
都市言情 ,抚琴的人,少年王,http://www.biqugse.com/1766/,完结,2018/3/15 10:22
武侠修真 ,随云仙人,道门天师,http://www.biqugse.com/1767/,完结,2017/12/18 5:38
恐怖科幻 ,九尾玄龟,最强齐天大圣,http://www.biqugse.com/1768/,完结,2017/11/28 8:27
都市言情 ,枫铃下,无限之戮,http://www.biqugse.com/1769/,完结,2018/2/10 14:43
都市言情 ,大山黑水,刘大师的悠闲人生,http://www.biqugse.com/1770/,完结,2017/10/15 23:32
玄幻魔法 ,一念,都市奇门医圣,http://www.biqugse.com/1771/,完结,2023/4/12 17:44
恐怖科幻 ,兰陵王小生,红缎军万岁,http://www.biqugse.com/1772/,完结,2017/11/21 21:04
武侠修真 ,秋鸿来有信,西游之诸天万界,http://www.biqugse.com/1773/,完结,2018/3/30 16:32
恐怖科幻 ,君夜无眠,借天命,http://www.biqugse.com/1774/,完结,2017/9/30 22:48
武侠修真 ,痣大财疏,西游化龙,http://www.biqugse.com/1775/,完结,2017/11/28 8:31
历史军事 ,忧郁的小鱼,超级恶人的幸福生活,http://www.biqugse.com/1776/,完结,2017/9/2 15:26
历史军事 ,燃烧飞鹰,魔神枪皇系统,http://www.biqugse.com/1777/,完结,2017/12/21 15:19
恐怖科幻 ,横空日月,位面游轮,http://www.biqugse.com/1778/,完结,2018/12/4 6:54
历史军事 ,不吃香蕉,至尊兵王在都市,http://www.biqugse.com/1779/,完结,2017/9/20 8:08
武侠修真 ,萧舒,白袍总管,http://www.biqugse.com/1780/,完结,2018/7/19 8:31
历史军事 ,愚奇R,三国之马腾天下,http://www.biqugse.com/1781/,完结,2017/9/1 8:18
都市言情 ,公子蜗牛,我的异界果园,http://www.biqugse.com/1782/,完结,2017/10/22 20:57
都市言情 ,风月血殇,国民粉丝,http://www.biqugse.com/1783/,完结,2017/11/7 14:57
历史军事 ,南希北庆,唐朝小闲人,http://www.biqugse.com/1784/,完结,2018/8/16 1:06
玄幻魔法 ,前世入梦,我是大天尊,http://www.biqugse.com/1785/,完结,2017/9/15 22:27
玄幻魔法 ,妖夜,不灭龙帝,http://www.biqugse.com/1786/,完结,2021/4/11 11:18
恐怖科幻 ,小妖败家仔,提督的无限之旅,http://www.biqugse.com/1787/,完结,2018/2/8 16:19
武侠修真 ,凤箫声动,归藏剑仙,http://www.biqugse.com/1788/,完结,2020/9/30 22:52
都市言情 ,五彩贝壳,神级大矿主,http://www.biqugse.com/1789/,完结,2018/1/21 19:15
恐怖科幻 ,久猫,位面之时空之匙,http://www.biqugse.com/1790/,完结,2018/5/11 18:43
都市言情 ,左耳思念,最强医圣,http://www.biqugse.com/1791/,完结,2022/8/29 8:39
武侠修真 ,雪慕长生,长生元记,http://www.biqugse.com/1792/,完结,2019/8/26 20:03
恐怖科幻 ,她和她的他,被遗弃的国度,http://www.biqugse.com/1793/,完结,2017/10/16 8:55
都市言情 ,鱼子昔,我的主神是萝莉,http://www.biqugse.com/1794/,完结,2017/10/4 23:00
网游同人 ,无量摩诃,不朽道果,http://www.biqugse.com/1795/,完结,2017/10/4 11:37
玄幻魔法 ,东港青年,万骨天梯,http://www.biqugse.com/1796/,完结,2018/3/21 12:53
都市言情 ,六月浩雪,嫡女重生记,http://www.biqugse.com/1797/,完结,2022/5/31 8:43
都市言情 ,老鹰吃小鸡,重生之财源滚滚,http://www.biqugse.com/1798/,完结,2022/7/20 9:02
武侠修真 ,轩流风.CS,天剑真言,http://www.biqugse.com/1799/,完结,2018/11/30 8:06
历史军事 ,贰蛋,我的都市修行路,http://www.biqugse.com/1800/,完结,2017/9/20 6:32
历史军事 ,步枪,中国猎人,http://www.biqugse.com/1801/,完结,2017/11/28 8:50
恐怖科幻 ,精分三代,非正常人类异闻录,http://www.biqugse.com/1802/,完结,2018/7/10 0:27
武侠修真 ,小小羽,餮仙传人在都市,http://www.biqugse.com/1803/,完结,2017/10/27 0:12
都市言情 ,周家小小少,萌娃星成长,http://www.biqugse.com/1804/,完结,2017/11/4 18:02
玄幻魔法 ,冥想石,魔女打脸攻略,http://www.biqugse.com/1805/,完结,2017/11/22 11:08
玄幻魔法 ,君若欢,天龙至尊,http://www.biqugse.com/1806/,完结,2017/11/17 21:34
都市言情 ,叶惜水,龙之影纹,http://www.biqugse.com/1807/,完结,2017/10/3 8:26
玄幻魔法 ,风一色,绝世药神,http://www.biqugse.com/1808/,完结,2019/9/6 17:04
恐怖科幻 ,心动可乐,英雄联盟之绝世无双,http://www.biqugse.com/1809/,完结,2017/10/13 11:12
网游同人 ,我的长枪依在,网游之这货不是骑士,http://www.biqugse.com/1810/,完结,2017/11/30 17:12
历史军事 ,文瀚小公子,我是九皇子,http://www.biqugse.com/1811/,完结,2018/5/6 23:58
历史军事 ,天使奥斯卡,盛唐风华,http://www.biqugse.com/1812/,完结,2019/5/3 20:34
武侠修真 ,两年两月,金丹九品,http://www.biqugse.com/1813/,完结,2020/2/29 23:43
玄幻魔法 ,桔山大魔王,异界之众神竞技场,http://www.biqugse.com/1814/,完结,2017/12/17 15:37
恐怖科幻 ,背后有神助,诡缠人,http://www.biqugse.com/1815/,完结,2017/9/8 22:27
都市言情 ,炒酸奶,我的绝色美女房客,http://www.biqugse.com/1816/,完结,2017/10/13 0:17
都市言情 ,玲珑秀,锦宅,http://www.biqugse.com/1817/,完结,2017/10/27 5:42
都市言情 ,流年世人,终之传说,http://www.biqugse.com/1818/,完结,2018/1/23 23:46
都市言情 ,西门666,我就是超级偶像,http://www.biqugse.com/1819/,完结,2018/10/5 23:07
都市言情 ,煦日酣酣,其华在侧,http://www.biqugse.com/1820/,完结,2017/11/19 10:40
恐怖科幻 ,青天大佬爷,平凡的超级英雄,http://www.biqugse.com/1821/,完结,2018/3/23 10:40
武侠修真 ,风影摇曳,截教再起,http://www.biqugse.com/1822/,完结,2018/3/1 0:00
玄幻魔法 ,春秋的雨,超级作品位面,http://www.biqugse.com/1823/,完结,2019/3/29 20:50
网游同人 ,暴走的疯兔,在地下城行走的人果然不正常,http://www.biqugse.com/1824/,完结,2019/7/17 12:35
都市言情 ,激情香蕉,破产魔王战记,http://www.biqugse.com/1825/,完结,2018/12/20 14:29
都市言情 ,薇风晨晗,两界第一人,http://www.biqugse.com/1826/,完结,2018/1/15 3:27
都市言情 ,红日三竿,都市最强土豪,http://www.biqugse.com/1827/,完结,2018/3/8 6:17
都市言情 ,林徙,灵魂赌徒,http://www.biqugse.com/1828/,完结,2017/10/31 12:43
玄幻魔法 ,匀音早西,牧仙志,http://www.biqugse.com/1829/,完结,2018/11/4 23:41
历史军事 ,我是聪哥帅,红警之征战天下,http://www.biqugse.com/1830/,完结,2017/9/10 0:45
玄幻魔法 ,秋水海棠,帝景决,http://www.biqugse.com/1831/,完结,2017/8/28 16:22
历史军事 ,南海雄鹰,海军之陆战荣耀,http://www.biqugse.com/1832/,完结,2017/8/15 1:32
武侠修真 ,萧鼎,天影,http://www.biqugse.com/1833/,完结,2018/5/16 0:34
恐怖科幻 ,沧凰,至高基因,http://www.biqugse.com/1834/,完结,2017/8/12 3:42
玄幻魔法 ,田十,小修行,http://www.biqugse.com/1835/,完结,2018/7/2 11:29
玄幻魔法 ,伯夷铿,永生冥王,http://www.biqugse.com/1836/,完结,2017/10/16 20:58
网游同人 ,木牛流猫,师父驾到,http://www.biqugse.com/1837/,完结,2018/6/28 20:58
都市言情 ,喜欢老虎,变身绝色女神,http://www.biqugse.com/1838/,完结,2019/3/13 15:01
都市言情 ,十三圣子,九朝元老,http://www.biqugse.com/1839/,完结,2019/5/9 6:10
历史军事 ,大罗罗,天下豪商,http://www.biqugse.com/1840/,完结,2019/2/28 10:26
都市言情 ,红颜至尊,嫦娥升职记,http://www.biqugse.com/1841/,完结,2018/2/27 12:58
都市言情 ,合肥愣头青,狐狸洞走出来的修仙者,http://www.biqugse.com/1842/,完结,2017/8/17 22:50
都市言情 ,文行远,重生之全民天王,http://www.biqugse.com/1843/,完结,2017/12/20 1:11
历史军事 ,TV帝、,修真归来,http://www.biqugse.com/1844/,完结,2017/10/6 2:18
都市言情 ,无肠公仔,极品校花赖上我,http://www.biqugse.com/1845/,完结,2022/11/16 9:00
都市言情 ,三年不起,重启九六,http://www.biqugse.com/1846/,完结,2017/8/9 22:12
玄幻魔法 ,噢咦呀,凶残动物在哪里,http://www.biqugse.com/1847/,完结,2017/9/3 18:47
都市言情 ,旷海忘湖,狂探,http://www.biqugse.com/1848/,完结,2022/1/6 11:37
武侠修真 ,青草朦胧,绝世武侠系统,http://www.biqugse.com/1849/,完结,2019/4/6 9:17
网游同人 ,进击小兵,重生之无双战防,http://www.biqugse.com/1850/,完结,2017/9/29 4:23
都市言情 ,一支烟的快感,极品全能狂少,http://www.biqugse.com/1852/,完结,2019/5/28 18:28
恐怖科幻 ,江南黄沙,征战无限历史,http://www.biqugse.com/1853/,完结,2020/6/27 23:04
都市言情 ,木子安粤,我的崩坏世界,http://www.biqugse.com/1854/,完结,2022/7/12 8:46
历史军事 ,尧帝A,修真者的篮球生涯,http://www.biqugse.com/1855/,完结,2017/9/20 8:42
都市言情 ,何以破苍穹,死亡名牌,http://www.biqugse.com/1856/,完结,2018/7/31 23:24
都市言情 ,苏庸,精灵世纪：GO,http://www.biqugse.com/1857/,完结,2020/6/26 6:53
网游同人 ,东郊林公子,赤兔记,http://www.biqugse.com/1858/,完结,2020/2/1 17:21
都市言情 ,印地安老斑鸠,花都杀手特种兵,http://www.biqugse.com/1859/,完结,2017/8/8 15:47
玄幻魔法 ,拉风的树,阴阳符,http://www.biqugse.com/1860/,完结,2017/9/24 22:53
玄幻魔法 ,徐广大,吞噬魂帝,http://www.biqugse.com/1861/,完结,2020/4/27 6:11
都市言情 ,自由船长,神秘的幻灵界,http://www.biqugse.com/1862/,完结,2017/9/24 19:20
都市言情 ,井鱼,双姝系统：您的老祖宗已上线,http://www.biqugse.com/1863/,完结,2017/8/12 13:47
武侠修真 ,滚开,极道天魔,http://www.biqugse.com/1864/,完结,2022/5/11 20:39
武侠修真 ,灭凤,仙家萌喵娇养成,http://www.biqugse.com/1865/,完结,2019/3/26 1:17
武侠修真 ,墨悲尘,大魔猿,http://www.biqugse.com/1866/,完结,2017/9/4 16:13
历史军事 ,孑与2,银狐,http://www.biqugse.com/1867/,完结,2017/9/22 7:07
武侠修真 ,临山邪少,焚仙之剑,http://www.biqugse.com/1868/,完结,2018/3/2 3:32
都市言情 ,金玉公子,都市侠警,http://www.biqugse.com/1869/,完结,2019/2/24 0:10
玄幻魔法 ,我是曹宁,纨绔神王,http://www.biqugse.com/1870/,完结,2017/11/7 0:49
玄幻魔法 ,沐剑天心,光影无极,http://www.biqugse.com/1871/,完结,2017/8/20 20:02
武侠修真 ,神龙吞恶虎,小夫小妻小仙人,http://www.biqugse.com/1872/,完结,2019/7/16 6:00
玄幻魔法 ,八异,神魂至尊,http://www.biqugse.com/1873/,完结,2021/10/22 17:53
都市言情 ,夏婉瑛,光影新娘：陆少，放肆宠,http://www.biqugse.com/1874/,完结,2017/11/5 10:12
都市言情 ,鱼人二代,校花的贴身高手,http://www.biqugse.com/1875/,连载,2023/5/22 20:01
玄幻魔法 ,方泫,万古最强魂帝,http://www.biqugse.com/1876/,完结,2017/10/27 20:42
武侠修真 ,干燥的心,西游之穿越诸天,http://www.biqugse.com/1877/,完结,2018/10/8 14:57
武侠修真 ,钓鱼1哥,悠闲修道人生,http://www.biqugse.com/1878/,完结,2018/2/26 18:47
历史军事 ,蝼蚁望天,特种兵之利刃,http://www.biqugse.com/1879/,完结,2020/2/20 18:55
都市言情 ,一笔一界,都市之人生修改器,http://www.biqugse.com/1880/,完结,2018/2/7 17:32
都市言情 ,鸯鸯相抱,我真是反派,http://www.biqugse.com/1881/,完结,2018/6/29 22:59
网游同人 ,Iced子夜,英雄联盟之巅峰王座,http://www.biqugse.com/1882/,完结,2018/1/10 10:32
玄幻魔法 ,绝·影,异界大巫师,http://www.biqugse.com/1883/,完结,2017/9/29 11:17
玄幻魔法 ,海拉斯特黑袍,有扇通往地下城的门,http://www.biqugse.com/1884/,完结,2017/9/19 23:57
都市言情 ,后来者,文娱的良心,http://www.biqugse.com/1885/,完结,2018/4/23 10:22
都市言情 ,酱疙瘩,生活在美利坚的森林游侠,http://www.biqugse.com/1886/,完结,2020/5/28 3:21
都市言情 ,顾颜溪,诛天狂凤：独宠摄魂鬼妃,http://www.biqugse.com/1887/,完结,2019/4/20 23:35
网游同人 ,梅子味鸡排,爆裂法师,http://www.biqugse.com/1888/,完结,2017/12/20 23:06
武侠修真 ,录事参军,宝典,http://www.biqugse.com/1889/,完结,2018/4/22 21:27
恐怖科幻 ,七只跳蚤,电影世界大盗,http://www.biqugse.com/1890/,完结,2018/10/15 20:50
都市言情 ,若朝兮,韩娱之允诺一生,http://www.biqugse.com/1891/,完结,2017/10/19 1:18
都市言情 ,唐伯虎戏秋香,无敌小校医,http://www.biqugse.com/1892/,完结,2019/3/4 18:10
网游同人 ,西贝猫,终末之城,http://www.biqugse.com/1893/,完结,2018/2/28 15:47
玄幻魔法 ,曲墨封,天下野望录,http://www.biqugse.com/1894/,完结,2017/9/13 8:17
都市言情 ,岚烟一七七,战旗依旧,http://www.biqugse.com/1895/,完结,2018/1/6 2:43
武侠修真 ,鑫晨之恋,超强神兽系统,http://www.biqugse.com/1896/,完结,2017/9/3 0:12
恐怖科幻 ,战列舰i,从变形金刚开始,http://www.biqugse.com/1897/,完结,2021/4/23 21:30
都市言情 ,九穗禾,王牌制作人,http://www.biqugse.com/1898/,完结,2017/9/27 19:02
玄幻魔法 ,乱,全职法师,http://www.biqugse.com/1899/,完结,2022/11/17 8:32
都市言情 ,人间武库,逆流纯真年代,http://www.biqugse.com/1900/,完结,2018/12/6 20:58
都市言情 ,圣骑士的传说,修真聊天群,http://www.biqugse.com/1901/,完结,2022/8/30 8:34
玄幻魔法 ,轻落语,凌霄神皇,http://www.biqugse.com/1902/,完结,2017/10/20 14:12
都市言情 ,原始酋长,超级募兵仓库,http://www.biqugse.com/1903/,完结,2017/10/2 17:27
都市言情 ,皇天域,科娱,http://www.biqugse.com/1904/,完结,2017/9/20 9:22
都市言情 ,西门龙霆,禁爱总裁，7夜守则,http://www.biqugse.com/1905/,完结,2017/9/20 8:52
都市言情 ,威馆长,魔法与万象卡牌系统,http://www.biqugse.com/1906/,完结,2018/12/26 20:00
都市言情 ,萌俊,我真是娱乐家,http://www.biqugse.com/1907/,完结,2017/9/29 7:57
都市言情 ,魔笛童子,萌狐悍妻,http://www.biqugse.com/1908/,完结,2020/5/31 5:00
历史军事 ,奔叔,大明督师,http://www.biqugse.com/1909/,完结,2017/9/23 6:47
恐怖科幻 ,背棺道抬棺僧,碧溪传人之邪体,http://www.biqugse.com/1910/,完结,2019/7/15 12:28
恐怖科幻 ,永恒的恒星,邪恶驱鬼师,http://www.biqugse.com/1911/,完结,2017/9/19 7:38
历史军事 ,不开心的橘子,逆袭水浒传,http://www.biqugse.com/1912/,完结,2017/9/21 5:37
武侠修真 ,蓝玉棠,御剑江湖,http://www.biqugse.com/1913/,完结,2018/4/4 16:14
都市言情 ,九孔,大宋王侯,http://www.biqugse.com/1914/,完结,2017/10/8 2:17
都市言情 ,梦夫人,我能穿越异世界,http://www.biqugse.com/1915/,完结,2017/10/9 21:47
网游同人 ,云东流,诸天事务所,http://www.biqugse.com/1916/,完结,2017/10/3 20:07
恐怖科幻 ,五铢钱,美漫之多塔杂货铺,http://www.biqugse.com/1917/,完结,2017/12/8 22:18
恐怖科幻 ,念响,我的鬼眼校花,http://www.biqugse.com/1918/,完结,2017/9/20 19:22
玄幻魔法 ,么么,最强武神,http://www.biqugse.com/1919/,完结,2021/1/10 12:36
都市言情 ,蝎尾狮,西雅图僵尸夜,http://www.biqugse.com/1920/,完结,2017/8/9 10:22
都市言情 ,射手座李不二,重生之华夏文圣,http://www.biqugse.com/1921/,完结,2017/9/5 11:17
历史军事 ,讳岩,三国之无赖兵王,http://www.biqugse.com/1922/,完结,2019/1/1 18:25
玄幻魔法 ,油爆香菇,女帝直播攻略,http://www.biqugse.com/1923/,完结,2017/10/27 2:17
网游同人 ,微笑啊微笑,武侠世界逍遥行,http://www.biqugse.com/1924/,完结,2017/8/21 11:18
玄幻魔法 ,黑夜不寂寞,女总裁的贴身兵王,http://www.biqugse.com/1925/,完结,2017/11/28 8:09
都市言情 ,琉璃明镜,都市之时间主宰,http://www.biqugse.com/1926/,完结,2019/1/31 20:33
玄幻魔法 ,刘三醒,莫离传,http://www.biqugse.com/1927/,完结,2017/10/21 8:12
武侠修真 ,悯生笔,神玩世界,http://www.biqugse.com/1929/,完结,2017/9/29 23:47
都市言情 ,秦兮,春闺密事,http://www.biqugse.com/1930/,完结,2019/3/26 1:20
玄幻魔法 ,虚鸣,旧日篇章,http://www.biqugse.com/1931/,完结,2018/3/3 16:47
玄幻魔法 ,小小沙丁鱼,仙途遗祸,http://www.biqugse.com/1932/,完结,2019/7/31 23:53
都市言情 ,羽文到,生天录,http://www.biqugse.com/1933/,完结,2018/3/8 13:44
武侠修真 ,田博文,傲剑震江湖,http://www.biqugse.com/1934/,完结,2017/10/27 0:52
网游同人 ,萌的我一脸,网游之机械时代,http://www.biqugse.com/1935/,完结,2019/2/4 0:10
都市言情 ,俊羊羊,今夫古妻日常,http://www.biqugse.com/1936/,完结,2018/5/13 16:42
都市言情 ,橘红绿,重生美国大亨,http://www.biqugse.com/1937/,完结,2017/8/12 14:38
网游同人 ,续写青春,网游之混元法师,http://www.biqugse.com/1938/,完结,2019/5/25 19:29
恐怖科幻 ,嬴二少,我的BOSS是只鬼,http://www.biqugse.com/1939/,完结,2018/3/5 13:10
历史军事 ,张维卿,永历四年,http://www.biqugse.com/1940/,完结,2017/10/30 15:58
历史军事 ,夏海苍松,三国重生马孟起,http://www.biqugse.com/1941/,完结,2020/11/12 13:41
历史军事 ,午夜狂响曲,大宁国师,http://www.biqugse.com/1942/,完结,2017/10/13 2:42
都市言情 ,祥瑞御妹,娱乐之荒野食神,http://www.biqugse.com/1943/,完结,2018/1/26 19:18
都市言情 ,津门小麻花,喜剧大穿越,http://www.biqugse.com/1944/,完结,2017/10/13 7:13
都市言情 ,林海听涛,冠军之心,http://www.biqugse.com/1945/,完结,2022/3/9 16:14
都市言情 ,东人,桃源山庄,http://www.biqugse.com/1946/,完结,2017/12/22 17:27
玄幻魔法 ,一颗,全知武神,http://www.biqugse.com/1947/,完结,2019/5/21 12:03
武侠修真 ,半了散人,吕清广本纪,http://www.biqugse.com/1948/,完结,2017/8/21 13:17
武侠修真 ,碑塔城主,东厂督公,http://www.biqugse.com/1949/,完结,2019/1/21 12:46
历史军事 ,酥小默,战地狂龙,http://www.biqugse.com/1950/,完结,2017/12/2 23:36
武侠修真 ,野洲之恋,带着吃货闯仙途,http://www.biqugse.com/1951/,完结,2017/9/3 20:57
武侠修真 ,萧梨花,江湖博,http://www.biqugse.com/1952/,完结,2019/1/17 22:51
网游同人 ,御坂二三三,游戏降临现实,http://www.biqugse.com/1953/,完结,2017/9/25 22:58
恐怖科幻 ,夏日香槟,我的道士生涯,http://www.biqugse.com/1954/,完结,2021/1/20 12:31
网游同人 ,八臂书生,网游重生之千面郎君,http://www.biqugse.com/1955/,完结,2022/8/9 8:41
都市言情 ,不是猪是蛛,藏颜,http://www.biqugse.com/1956/,完结,2017/8/25 12:11
武侠修真 ,破月乌梭,鸣凤天下,http://www.biqugse.com/1957/,完结,2017/10/26 22:08
都市言情 ,望穿冬水,长生九万年,http://www.biqugse.com/1958/,完结,2018/3/8 0:48
都市言情 ,美女请自重,透视医王,http://www.biqugse.com/1959/,完结,2021/9/1 12:20
都市言情 ,韩家老大,霸道邪医,http://www.biqugse.com/1960/,完结,2017/11/4 20:43
都市言情 ,老王牛,重返十七岁,http://www.biqugse.com/1961/,完结,2019/7/16 9:27
武侠修真 ,铭极,仙尊下凡录,http://www.biqugse.com/1962/,完结,2017/10/1 7:27
玄幻魔法 ,紫金咩,位面副本,http://www.biqugse.com/1963/,完结,2017/8/23 23:59
玄幻魔法 ,画烟,狂武兽尊,http://www.biqugse.com/1964/,完结,2018/3/2 16:51
都市言情 ,浓妆素影,黑帝心尖宠：甜妻很呆萌,http://www.biqugse.com/1965/,完结,2017/10/24 15:22
武侠修真 ,蔚蓝海,混沌幽莲空间,http://www.biqugse.com/1966/,完结,2019/5/24 0:01
都市言情 ,青棘,变身之萝莉主播,http://www.biqugse.com/1968/,完结,2019/2/25 11:32
网游同人 ,晴空雨诺,创世寻天,http://www.biqugse.com/1969/,完结,2017/8/29 11:25
都市言情 ,绛美人,吻安，小娇妻！,http://www.biqugse.com/1970/,完结,2018/10/5 0:38
网游同人 ,失忆闹钟,英雄无敌之穷途末路,http://www.biqugse.com/1971/,完结,2019/11/15 10:10
玄幻魔法 ,墨十泗,妖精相公太磨人,http://www.biqugse.com/1972/,完结,2017/10/11 22:23
玄幻魔法 ,妖月夜,神荒龙帝,http://www.biqugse.com/1973/,完结,2017/10/6 11:47
玄幻魔法 ,易飘零,舟游诸天,http://www.biqugse.com/1974/,完结,2018/4/1 7:13
都市言情 ,黑色花灯,神级美食主播,http://www.biqugse.com/1975/,完结,2020/3/29 21:41
历史军事 ,拜月楼主,无敌妖孽兵王,http://www.biqugse.com/1976/,完结,2017/9/11 16:18
武侠修真 ,破锋八刀,重生西游之逆天系统,http://www.biqugse.com/1977/,完结,2017/12/1 11:51
武侠修真 ,薛之雪,修真零食专家,http://www.biqugse.com/1978/,完结,2019/6/9 23:34
恐怖科幻 ,迷途陌客,美漫之亚魔卓装甲,http://www.biqugse.com/1979/,完结,2017/12/6 11:17
武侠修真 ,修之名,武林大主宰,http://www.biqugse.com/1980/,完结,2018/1/10 21:21
都市言情 ,踏月寻芳,玉帝的凡间替身,http://www.biqugse.com/1981/,完结,2017/9/13 2:27
历史军事 ,御宅烟魔,战国修罗传,http://www.biqugse.com/1982/,完结,2017/9/2 8:08
历史军事 ,任国成,明末好女婿,http://www.biqugse.com/1983/,完结,2019/4/14 23:10
都市言情 ,扬秋,穿越之教主难为,http://www.biqugse.com/1984/,完结,2020/5/26 23:06
恐怖科幻 ,捆月,末世空间女神,http://www.biqugse.com/1985/,完结,2017/9/29 3:12
玄幻魔法 ,杜灿,九真九阳,http://www.biqugse.com/1986/,完结,2022/11/19 18:11
玄幻魔法 ,无限循环,科学神教,http://www.biqugse.com/1987/,完结,2018/3/28 16:57
恐怖科幻 ,如倾如诉,直死无限,http://www.biqugse.com/1988/,完结,2020/8/10 10:41
都市言情 ,不胜人间一醉,奶爸的1993,http://www.biqugse.com/1989/,完结,2017/11/8 23:40
玄幻魔法 ,阳顶天本尊,天上掉下个苹果8,http://www.biqugse.com/1990/,完结,2017/9/20 9:32
恐怖科幻 ,甜到掉牙的糖,末世也疯狂,http://www.biqugse.com/1991/,完结,2017/10/30 20:17
玄幻魔法 ,驿路羁旅,艾泽拉斯圣光轨迹,http://www.biqugse.com/1992/,完结,2017/10/30 14:27
武侠修真 ,紫眩神木,冒牌高人,http://www.biqugse.com/1993/,完结,2019/6/28 20:15
都市言情 ,直上青云,重生军营之王牌军婚,http://www.biqugse.com/1994/,完结,2020/11/14 11:45
恐怖科幻 ,神糜,灭世史诗,http://www.biqugse.com/1995/,完结,2017/11/7 22:52
恐怖科幻 ,皇木子,末世系统之永夜,http://www.biqugse.com/1996/,完结,2017/10/31 7:17
都市言情 ,虎躯巨震,崛起美利坚,http://www.biqugse.com/1997/,完结,2018/7/7 12:26
都市言情 ,残神大人,猎杀诸神之人,http://www.biqugse.com/1998/,完结,2017/10/13 1:14
历史军事 ,贵族丑丑,天下第一医馆,http://www.biqugse.com/1999/,完结,2019/4/8 1:32
